-- MySqlBackup.NET 2.0.8
-- Dump Time: 2015-04-04 09:29:38
-- --------------------------------------
-- Server version 5.5.33 MySQL Community Server (GPL)


/*!40101 SET @OLD_CHARACTER_SET_CLIENT=@@CHARACTER_SET_CLIENT */;
/*!40101 SET @OLD_CHARACTER_SET_RESULTS=@@CHARACTER_SET_RESULTS */;
/*!40101 SET @OLD_COLLATION_CONNECTION=@@COLLATION_CONNECTION */;
/*!40101 SET NAMES latin1 */;
/*!40014 SET @OLD_UNIQUE_CHECKS=@@UNIQUE_CHECKS, UNIQUE_CHECKS=0 */;
/*!40014 SET @OLD_FOREIGN_KEY_CHECKS=@@FOREIGN_KEY_CHECKS, FOREIGN_KEY_CHECKS=0 */;
/*!40101 SET @OLD_SQL_MODE=@@SQL_MODE, SQL_MODE='NO_AUTO_VALUE_ON_ZERO' */;
/*!40111 SET @OLD_SQL_NOTES=@@SQL_NOTES, SQL_NOTES=0 */;


-- 
-- Definition of __migrationhistory
-- 

DROP TABLE IF EXISTS `__migrationhistory`;
CREATE TABLE IF NOT EXISTS `__migrationhistory` (
  `MigrationId` varchar(150) CHARACTER SET utf8 NOT NULL,
  `ContextKey` varchar(300) CHARACTER SET utf8 NOT NULL,
  `Model` longblob NOT NULL,
  `ProductVersion` varchar(32) CHARACTER SET utf8 NOT NULL,
  PRIMARY KEY (`MigrationId`)
) ENGINE=InnoDB DEFAULT CHARSET=latin1;

-- 
-- Dumping data for table __migrationhistory
-- 

/*!40000 ALTER TABLE `__migrationhistory` DISABLE KEYS */;
INSERT INTO `__migrationhistory`(`MigrationId`,`ContextKey`,`Model`,`ProductVersion`) VALUES
('201503281214421_Inicial','GestaoEscolar.Migrations.Configuration',0x1F8B0800000000000400ED5DDD6E1B3B92BE5F60DF41D0E5E08C652739C04E60CF4091ED7332133B1E3B3958CC4DC04894CC33ADA6A67F0C078B7DB2BDD847DA5758B27FF95364932D764B0E825CC46AB2ABC862B1582C16BFFEBFFFF9DFF3BF3C6FA3C9134E5242E38BE9D9C9E97482E3255D91787331CDB3F51FFF63FA973FFFFBBF9D5FADB6CF93DFEA7AAF793DF6669C5E4C1FB36CF776364B978F788BD2932D592634A5EBEC6449B733B4A2B357A7A77F9A9D9DCD30233165B42693F3FB3CCEC816173FD8CF058D977897E528BAA12B1CA5D57356F250509DDCA22D4E7768892FA6BFE03443F42A5DD20825D3C93C228835E20147EBE904C531CD50C69AF8F6738A1FB284C69B871D7B80A24FDF7698D55BA328C555D3DFB6D55D7B71FA8AF762D6BE58935AE66946B79E04CF5E576299A9AFF712EEB4111B13DC151370F68DF7BA10DEC5741EE5319D4E544E6F1751C26B29823D2907E2A478EBA78954F653A3074C5DF8BF9F268B3CCAF2045FC438CF1214FD34B9CBBF4664F937FCED13FD278E2FE23C8AC4E6B106B232E9017B7497D01D4EB26FF7785D35FAFD6A3A99C9EFCDD4179BD78477CA1EBD8FB3D7AFA6935BC61C7D8D7033FA42EF1F329AE05F708C1394E1D51DCA329CC49C062EE4A771D778F17A6BB2444B443FC7ECFF9A37533E3685A6931BF4FC01C79BEC914DAEB3E9E49A3CE355FDA06A0E7F8F49FB629A2539EEE2784BB7D8C283A98313134D261D5C496A63FA73808E5DA20CDDA274C9CC429CD19A1B7B8A3F91AD7F8B1FF033B58D4580165FB139B1A20BF244A26A7219D9FDEC362A767EECE79AA429A25DDC5C95C0CEEE1E476443BAB905E9DB3D9B400B9A0CCDE681B045864DD5C1BBC3562B1AA7E80947838FD31D4AD88CC1CC368FC995DBA13B4486EF1D53FA31F87CC251179B4052BB41210C78B7D4C6E0C3A4D6C52684D4D092ADD528222BB41A417688A41F13B2C1DBC1597D5EDF22E63739F42C8814DD588511224E538AE67946DFE5E91225E32C59BFD2E492A4BB7B9CC784E2948F6417E3D761661B734CB6E801E52B3C06C34B66EDFD989E0691EF0D5E3117B770D03EA7CCF7E9627B1686ED3CC209F3443AC732143BB6B7DA5DD39832C9121AD14D673F438C69C1F58EF9BFCB7159CE7768249D5D5F9394A9CF5813C49D6118B561FC7E23698E3A3703013BE8C8305807E76C4664E469CC31746619CAD664E857F49574AE93A1BAE8CE304C07EFF1324F52CA760D1959921DDF0DB11A4FC8B6C10F6458EF37437B8A1F930DA257CF3B2BA7B340BE9BBD3B8142225267DA6888FDC505FB9BA953199B185AE69FC88E8ECAF036DFE284DE329D3D00DB4BFA09275BAB171262E8AF69F4688D258660F2813C2583F7A450E26D11B7AA87CB579DF9AE79C1EC154D884663B0BDC462B71E5AA33ED0258AFEC176B6F738252B1C2F896DC803750BEF1CB9858890C62B9CE02230D5CDF1EC34C82EB798A5E37571C15C68B60DE35BA21147F11D2289732F03AD764ECC4248B470849CD8BDEED7B75BF44436C5F98F1A3F20293732CB72F7C53CA27B1C15F5D247B22B0F194FE43A5F2AB7F43AA1DB7B1A6934CAF22F9F50B2C119EB09B5547AA079B2F468ED0D621259E611821BDA14EB6D548AB4E6A9E550CBCE67ED11A3F5E051EEABF709A4FCFA8FA34813AF794C5549DB5977787579B245224DABE51EE2CC913B0E708F5CFD8652495827C6893E96866B64A69FD7EE0C43F4F1719127A56D48DEA1D47EE01D66811538CE930C5B0FA243337C1FAF299B07D9C8FDFC4032C619319FE2AFF9138E87DFDB88CC59D1EF3863DB9CED8E32DB8137CC8A0ECDFFEFD9EA1AF140084DB8268FA3590A531E1119FC284BE559CA7A68AE9704A51F70469E68AAAC0A1D6BCA2EA14F7734C9F24D6E9D7821D2290A66CCF3C09DF32D18B75F3065DABDB66F4B4231ABD6B251782D48E76E2B14ABAB555E86D9476116A7655A0A4D87CEEE29F8CDED2621181FB7752618BB667D2151F702134E98CC00152ED207C6824DF45179A657E9EE868EC2F39A0F250FAB1767E0438BB64E69EA3E1C0D723AC29874EF6A5C77B0559B43EDB2EB6DAA75975DEF757BED659B8DB1F736B679F3C70E36AC7241FB568D48E7D6B9F48EF665CEB7AC0BB4426996009BD501A689478C479D1CA6189073A36AA1810D6B4ABF8851AAB67550B91686022BF946C98ABB05243344F3EAD22FC2CC6E5BA9976A6D04AAF8B6B05059B075458941826A99D632ADC25E513C61B87DAF10D46FFEB07C160334F4CACD53B7909D4F888C06B6BF15369B03F033CE22A6B15CE19714C333BD2E47CC116875B99D4F50B936A7C04A81E3F6BD4CA76ADDADF6B5970168BBEE6D01DA577F98008B0908E483907449761189D1250F2FADF92624B945B05FE4497B34F75F9C67AA63A39669BAAF5508EBDAF43224B6366AD6C6B59DB6A1069B6E7BE18B6440DBEEB8BEA3D94AE717F7F24BEC32F0345436623F4C57B7C5D9D7BE5CE77171D3232103ED037B9BAAB68F1D13EB8B4D870C13CBFE8E656275BCE8EB9874B950839A0FD5427ADB1DD75E0A4AE6DF4BE965C75E0AEFF8F5527CD1B7975D9B4A673575A86ED87AFA2B670FABBF878DFF61D14DBC78C2A528E2B1AF9B330E644BEF689C51EB71FF20BCF946F940AC495C777B6CD68B477DBC2F29D3F67DE2968EA1379133107B13963B63F04DA8E3BBE87518C2B1177BF302E168837BD9D35A90DED6B47EF1872D35F10AE71D37919C7D09D58376F68ED8EE3887389DAC59BD1A8FD5EBF158BD198FD53553A0A18F928BCCA4B4432B4244894B461D3A118E5187468463D4A10FE1187D62C6C9A60D21383960A5F44B4EEBBBC9EEE130A8ABA9CDA9F00EDF8739503436513F73ECB5B44B3B56CFD55D78F7C7026FE2554A64EF7815D9D180E1AFDB7C7B8F37842722480A30F0A558BE7174E31726FB9DA37C39F62F384419C0B7375A597575205E8D29BCCF6B7786416E3B6E12B462D68E8EDC4F36177AF07E134861E62B52DE7E0DAA2FBBB5AB0483DCDB1F9119BF573F9E52168001EEFD0B928CDF5E8806190748182B9724F8F4B2281243CB529C0228D69320803ADE394FF2720736550A7FABF5DB265BAA69CE95AD6EAF083B1C21B29E159863FB72F81CEA876BDB3EA77935B440EBAA4253FB8062AD85509DBD02FAB5C6FA6696143F7FF8A6265EDC1FAB453B76107F11EF7EB7DEDD1E8229EF3057062B9468A0EB9E6C4ED0B178E15DE7303A0AD4ED3AE92877FC83696667049691CE6827BB307B20E6613A8C5538441A177E41524805A80B379EE1902E5CF8054334C56B1ABBE8669068DEF3388CAEB688444389D025D5C29094EBEF8D6A9974168F35982B574B4EF5E22AE6B0035715EEE517F5CB63FB91B03642C42E64B48E792DD5488FEDA53DE084605B1864A0EF093CE1A8ABC7C3B0E637EFD990D5A3277D6D6028AF8A4DCB0A78F92A4E49178C65986B183584D148D72FFCD32806C84353D7069FDCB500B115A7B5026EA3B29084CA65F40C44C06DDB2748D271D7C5EB821BDCBA50F75BB40893EF9A2BBFFF63F535F1E2A0B76CC4C08078209FD479D0AB3896F76057EFFD186413AF80CED107BA21F1211CA3D88AC01A8A6D6FDBDE238CAB5A505BA8D7653ECDD94ABA2445C36AEF0AC26D903BCCF6F21317108752F03A18041B0536A9F882BE644DBA98FE411369078766B7D67200099F4DD579F831BEC411CEF064BE2C3FF2B640E9B240ED56E7226B82FC844D5DCCBFD34350B460C3C88C0189337D9E93986372470ECD57DE75B412BC6D0D17B5E412EF70CC27B8C3F8B8B06FAE0BEA6D68582972EB12D3F94CD039BB2AAAD808261D310225B4EA21E4F2B8EB9E1164F3E8D5CED0F21134CE3016C7AF6CDA85559356986FAFB66A215EB576D737E3B5D7E3573853D347D038D378BC2C956BEE21BB28877E2939A4EAE9D80982FAB5F7A58F5905D52E8CAC86EAF838A9A2081F70107584B2734DFA624DD56DD5A5BD95E2AE8AD66B432D693185F8D854D1D2851134D132362EDCE5EB2E87D5C4D66DEBD416201F3B901E02D0510E8EE51169A1D6813195501B1717E6D245A983A8A0F3154193FAF8DF171CDDB6F568ACD51043F81D5DF3AD9766FBCA76047DF795E00BB1C4CE8011DD9AE58A1ED14FB3069F18AED839FD3CF13DA7819B6C479D066EF2F29B06301ED661F66E40DE8B7173654B8211F4A53A761C45B1AD69E26D9BA4D0F4204A6C11CE18BB36B3185CB8B779280751429703789302789DC6B70A31A6F1F502AE39A843E221CC1194DA436E2EAD39ACA1955232EC9AA2E6677468AD6DF30727078E6AABF75044B9DDA3699C2CFF17633FC535CEAE0FE049ECDE5A065ED3715A828F45DF801E8CA674C098B8F056D21B0EA87E42EE945D4FA044AA0EE53B3D3939EBD43F0881BCD7C9E91E1AA4F76D3405D2BB7FFC8BA2ED62A569B09D6E59F6F4FCDDB800DAA5E5EC1D9B8173E8CF089AEA30764E4AAB43541C447DA1C427934259B3A05A456AF200DD55D57A4DF685ACBF963E8CA09696B179296BB033566CAF086187D2EEB753EDD18697A6DEBE1D3B7484F3054F04F0A3152685B37FC162EC74918E761DC0A9B5C967041DB589C185FDD8B928656E327B27636FE0A4CD02C8F0330869FA39C5557A7F5A6569AB1AC1093EE04CCCF34AA79336095A4EA7D32CABFCBAF655798D8E9AE0DC4150BC2FA3D11294B3834C334E60D7DAB9D74146027ED7E888C7581D8440DB88D35B94D6B7C134EAF625D0999F9D74272101E75823D3E68E741091EF406B74A485B66B448AB818381A55E0B1838051DE6E8255360A202175E7D641B205B4D14835BEBB4242B016A6B9587F5C46A80ACE4828A7575A39AC37199ABE00A640338F8E7717049A3029C95AB27A0EB2D13E26A88BC59A532FB5DE94552F345C3463163998F2E887108196C60DC8C09EEA2D35DD98EC2DB45D329F163118D3BB879643BB10D86501E7201BFBA06521EF29132DEF58948BB0D2ED2D1B108656174D673EACD4135B46ACD01161A5B188C596032B1093D6BF7062111C108B540CB999703FF4ECCCFE32D1F3319D4C520F89B87F27409753BF0442C3B6DEF19CDE4D35FAF1B0AA9FC9DD0B38025D1F2CB28D804FEE9A7B6005CA5EDB433AFD1803C362B1BD7D161208E0075847BAF2A164B36FC988127B52BBC1B615C492C8249092DBBFB7549CA02F74297927EC00C775DEA6C041DD7C326DC6350032228749A2507A08D0412541A48F8C9494906E65EDDD67697365EAB831420D341D0A46F7110114501E7AA689CBBA4916A6B825D005206AD947124090712857C40AA5AB4BC4F980D8FB88D871A4BD0F8545F96BD187BDC507422DE862EB3C98743E9A14BAD3463E2C22B21D460E37B9DCBF94E8E95EB909D0FBEC6C14F76ADC21803F16AE8BBBFB7CC6FD84C66963ED7EB0B2AFCDABC1499A0380A6EC7CF6B07CC45B543D389F159BC05D96A3A8C4F1A90B6ED06E47E24DDABE593D993CECD092EF1EFFF8309D3C6FA338BD983E66D9EEED6C9616A4D3932D592634A5EBEC6449B733B4A2B357A7A77F9A9D9DCDB6258DD95292B47A5CD170CA6882365829E51BD715BE26499A71DCF8AF8823C82C565BA05A75DC6188A3D66CA4130D7DC4EAD86A5D9DFF5DBE22E3208191AF566ED7AC2B1C59AFE815562354FA7BECCD8725628401C8A2058DF26D6C3ED9B2BDCD8F93D664C923441C9607A9D4F47277EA1CB451A6573EF1A04052850001E691F97DF97B243229B5CC9D2AFFA68A4CAB7CE24EE18A69CA8A2EC81389AA28AA484D2F75A7CCAD6DF1E50480AE5AE64EF51E47644340A24A91074DA6530B8E0C2E51AB1F7A8C46F3152E69449AA73EBD4C77344ED1138ED43E0A051E6381F8692D6606C148D950C56F8EDD21A24FB3E2A19FDE68749A87EE743EE14823533FF3EBD50D028C47F1D0AF571A9DE6A157AF3432F5338F5EA1C2B129714E95BEC9453E3A46D28F09D9E0ADAA58ED73776A9FD7B728CB13B0896A994FBF4D34FB52BCE30E259AE7197D97A74B9440C60EAEE2CEE3579A303776778FF398509C7281026CCCB5BCB4F46BC45CA50794AF306CB7B5728F359059972E0EA63AEE5CF847A197A8584A3FA76CF5029818AAB8F3984738614B0D340C4A91074DE693EEAE694C59AF098DE8066AB9B192279F3BE66D2CAD4CB41A9E1CE63B048DAF5AE6A33DEB6B92B27103B5462EF3D3493B65BDDCABCDBF11B6DF877C2BB5CCBBCD16CA7AB9579BE74CB9D816D02069A5D4BBDD56EA500D9F7999A15FD157025978B5CCAFDD36CA50B98FAFB7CC939432FF2B233CE78FB98AACC6134A55CFCF58CD83D74621BAF179BBF800DBD5F34EA5223EF759E1553AE513BF3D15D01CE1B13BAD05FB9B0D5DB9D791E929451EBE1AD9510B5DA0D8C39329BE2773CB14C0C2C158C997CF25FD84932D85A83745EE34AF69F4A86CEFAB47EE343E90A744694FF5C8537FCAAFFBD5F2013449ADE0B77758B0F94A13626000D7F0D0DADD5AD155FEC0438A943DFD0773F7D99E8FAC70BC24CAB880157C66D5CE445929F28858C42B9CE0629B0A1286CA7DF5DD445B2FF59045FB4926A34CE02AEE3CCA2F3099C8EBA55ED6DA40552EF19047B1521A45A195EA94CF674A08538D91CEB420A912A85643AE4E01593531B47F6456C925F70FD176111826563B8FA99A052F395A7AB1C79AC90F66440ACA9AA917FBD97B5BC3A1729F482A1F54D636308E2A97F9CE121B6DB886CFCCB651D74B3DDAFEB8C893F290287987522DA60F95F7A33E4F329C9A8957C5FD68BF8FD794295D666DBE54A91F9F0F24635410B3FD7FCD9F70AC79A1F6AAFD78B2A2DF71C63CB8ED8EBE8F33BC4990852D5CDB9DF3DFB3D535E2FB249A707D8254C250A5370FBE5DC25616558DFE1C4AA1D879D4753C6C154169735C2B1929B1C0C366EFD866F18E2659BEC9D5A9A2967952BD411986E68756E849F717CCBF04BF563D03B5CC936A65E021A26D9127CD05013C18B9C493E2D52A2F434E004DA1CC976A9C9687643455D76CBDD893F65C9B68C2634F5A4693AB977A526E2C2789402B6BACE42B0D36418B75F90373DFD81C8024A355E9CB23BD4A7737D4CAA3A9E2C9E39A967736CA330C48585A0DFFF352C0ED508A7C228015CEBF1CFA3380FF1F6C0F61CDEC71DD3E18EF6538EC1C2CEF0EB469F01C18EB0641A563C4E8B1B447BCF9AC6C5FCC57A2CDF4F8E661815628CDD4B8945C72342A28E483ED915B64BA49E6925F647E77B07DAB36D4BE278B4823D23EF5F221053F4E2309141F8DDAD8AFD3B8EA8D70D5DC5F716C2F0FA639618D4507D0B1ECF0FB81225B7AF132D6C6CE7CDFFE6A67C520F057443F72C3A8A60C1D0F2B8E1F4505A3463AA6B1C3D79869FAAEDA0757BD305AB6974E8DA541FC104ABC1FAD1E5099D1356C546FD033D9D23B1A676A04432EF15C7E41826281073D12D7ED50E889053E81359314E592A3D1F6F636767F5D6F3053FC35DDFCEA4BB194D2C76B6415B77CD5C6A2419544CEDE112589522EF1A7F8CA48F1554F8AAF8D145FF7A4F8C648F14D4F8AD76C44D578B65CE4B12AF2786EAA8F8CF8DC979A3E2AE2735F6AFA8888CF7DA9E9A3213EF7A5F68966EA4848054326D91FC8BA765C907735B096FB750E36D6FAF63066B6457AD74F403D9D461DC456CD9FEAED90DEE6DB7BBC213C2623DD7E54B23DC03A7EAE9599BC5AE83109F0B3B9D95AA15F10ABBD8964E460A9E67DB21DAF8C6CE01A5E27DB16EA7AA94FDED426412B9A27D4C6C15CCB4B4FDD98592BFA69C07C45CAA437AB02C0B5BC72D7CC23AF94F964B81A892A457E99AA1635EA4DB7C89BB59086CA7B65375A78986B1DCD425AC36DEC116D0441435C228D861787DB88D7F827EA4201A341DAA82DE2DDEFCAAC2A9EF8B5870B52BD1A293EF7680F4A361422271578E59642C2121EFBE740C1B94F7DF3B5CC795A9EDB56B699CC2844532DF3CAA285080A8F7D73660D14B5C25E19B306E2700DDF7C590371ADD0C373C5115ED318D403B5CC672BF50C11141E7B8CFF169108D400B1E068D680BD23FF7D43FCA3C6F2C36D9D8688E173B35F810AABAB0188356CA3F5801382D56D4BF1C8A33DE40947508384E7EED478AA1E13492D1D00A601AEE1112DA4ABEA82F1559C12ED18592BF53A4EAEE1649563641376F1E126B28AF8B4C794B6A35DB94CEE2E0A0305A271BA4CC8D2B6BF026B1CCD20363857FD07AF4602F71F34E39BC30CD61096946DD449ACC50AF8231F0B1AAB97E8AA4723AB8986E9A45669B8574F9ADF0DA65385A724013D15FDE6B04D457FD30ADB4905582AAB4C274C384F64C5C1956EBE3DFC2B3AE1E527C59F8B88B00EB7356E504CD64C153FD17FE2F862FAF3C9CFD3C93C22282DD1B72AE8A8B7EA87289CB0A4CE5E732C29BCDACED4D7FD11A93895345D45001E151F2631A543C191FA1BFEA68E6FAD3BB6EF8E9CCFD417CF81895482F9132ED16262FE82D988A30CAFEE5096E124AE919AB26FD3C96D1E45E82B07155BA328D5BFEFA291D7219E4A764F28593E22B63BBC41CF1F70BCC91E2FA667672283E2CB201DF44BC82733452679EF3617285016923FFB3652C5822A69AF10CFA2F66C5B09056591A06FDB74342833F19F4F7DA9DF299850CE03E5425CC1860AD9EE06282A24D1F63C2B68534564A7A0F235A04705E5D16049856D798D2C15946A0D346523DAA7FF05CE53F0FE87A75A435205EDBF8C4C15587F5B90AAA08455AC2A0B717F793812EE210E18B22A280F335E9599CDEB1EDAAD414905246F42ABB2B038F5979401AECAB2B2F760A2E05605266E82AD0A38167310B52A340301BA2AA81EC908538155D4837C8FC155A1A6C237DE957CBFC62B6853E19BEFCEA0D7BC9581A70237DF837C8FC65B40ADC21A200E0615D2171121AFAC2DF5F7173A9ADA6743293554DD4BBA1051E0A3424A1240C10AEA349A20B0C2336990B02C0AE13D7C1530564892154E5648922050567F758361B1827A9F055056481D0091B2C2365946CC0AD9780833CB66D6FCF72A1A7056C8E61B70B3824A5F07CF0ABC4F7424ED2D1B0D48CBBA84DBC98B0705D6B8B40D98EAC506A801602B819B273100C9AA2416C353CE9B018466D5DF24AB2850612D1B086115787E7990F76E3F006415D4BEE95856439197C055866202E0570DC5EA0EC4AC0AC9CD005935208B0AB26A480E356055481E12721568389DF6BB3B19AC2AE0F9960658159AB6805A159A748B5D159A720361159AB08063159CB48464159AFABC63FAF5A3EA6879FB118720AD828B4503B41A8C430367159A838666159081826965DB5FF907012B100FC1ACAA29286FDFB34DDEF3C5F4BF8A77DE4EDEFFE797EAB59F261F13B6FF7B3B399DFC77879BE9BC0130E04BBD5CDF7F2C091B760AFEACABD74CAC9DD44A44B7F1EC78FBEA5E9D97C1B39CB3619CF5D40042F572F534B46969E1AD029E2C000057BDA93B0FB50936EA258FF5C1A7670738955FABECD4F66AE8F1AD90EEE0512F5641655C95BEBAB0E7C82B59DA7EAD905E3EC2553C8C027E27EAA68255854DF59561AB1CA3876E9445FCAAA0844520AB90846540ABCA2BA33923104A396170A817AB9A47610925542ABF3608AFEED50419C72AE0E65A86B31A80F0EBA108BF198A7005711590B2887515703720825E0527DB356E3DC9768D5A4FB2151C5640BA2E3709BA62F9CE56DB7899F2C51AEEF6F2B59FC1ACDFDBCF67D411AE3CBD4795C05ECD31E161054D80D350B1821E036BD85801ADA30515CB396E653C1B57009D429F8DBB93F7CF8B32815205ED8315FECACCE94D9F418691AFF6196305EE2AE4A9AB82EA1492B4067D15506D20ECABA00A6306BE0A1F648660A45EEC8A28A25185DD6197F854B6F4B45E8DADA1A5C2A62C89A055A1D33CBBC5FBBA7702D400C985DEDAE0962D22435B0575320450A73DB221C1554806BB0A791203835D05958B067915744855E4AB906B9100821534315A44C3DA4318CE4BC5F714FE3FE8DEE948C2FE023A56D8C5B282CBB2B8B67DD02C5AE4ACA08461E8AC90CB9B0E9F15D4B00B505AC31F545B61A95EAC358031ADC6B0A92062D48B95E39118B60AB02AB4518BEDB7DDBA899AB4629EA674490AB9D44649BA1CF105BAA9C23CA1C93DE59CA4A43D0E1475523DB9C9A38C9FCE2C194F1E345275EA637CC9DC9E0C4FE6CB12476A81D265719556D52BC6CCC41DBEC75134432D92DBF3078D0DD36DCCB15A088A1634663E36223A1ED85D42627E1F37927AAFD4729C30BC6B0D3DB5E412EF70CC6702DC51178EC60F989DCF1AEA8AA4BB64703E13B4C5AE44CDC1D851EB4F9B8D29B64078FAB2B5C6F621D4635398360BEDA835464896139B203E7ED93A63CA063C7AA53124AC0A8AD3D49094A77DFA7D2B90E58BB4075722DBD7424751A43A37E08B31F9AB1D413DC5A71841F1F1289AD4A40289AD681F0EA245D64F38065723CB47F4745EF68FD58DAB45A65B1EBD3D8FEF4885FC9C923135C8FA75C25114A8D5616BCE777AF4B6C99AC40DB70CAAF81DD830CF4F2B1FA55DB3F5E1CB95E9C3E743ABC377E6A0EDAD28E3FA6CBE9F5F1F673F509C9088D13CB34ECAA757E518578F46D13320DC5B34427A3E88A6193FFB155CA7EC9FA1D0D9993FE9328AFA9406ADDFCAABDBB2318DD631AFB7A359B0BD2DE8618D57B59C423951C763B51CD5FCC5592A7725390A1B653E06DD6B81F92E94C677D1194D733ABE8B33A2FA343BDDBDD7B3D39393336DD80E7DC032DA8AE317CB38ECF222689F7AFFC1AC044A3D491DD4B2EFDC6BEEFEACDAC1DD67872FBF8FA26A5562C90B5BA5EA7418B115CDB3EF61A5327F5BEE38D72A6BD8E965E9D631EFCF46D6C2BD7769C7A09ACD89A58B2B751C07CF07CA7519F3D8D933DF65E453E72BF97390CD99A1F2E9464D8DAA2F4C8A0917D3499BCC2727C1941F7EBC98AEBE726D2BB301AB22CD499709AB09731A07B502C44AADD3C153D03E8D9D500671128A3B9808134D975A5B064AAE2DEE60221E0F685CC442888D58DEC1C7BE3E689CEDD5A1B6D8DF706E9DB52D5D9C3BF9B447D41A97B608E2D1967670905C048D89540AF1B17C9F58579D2A7EA7AB4D5500AA0CF8257A8DB6492F2C0AE036D2DAEE4F67A1D60099A9953AD836FEB8C6AE2981D834850A79C1529B0C61958D3811AA82F610CA5A94BD00D1AC165F6C066DA4F40E6C938B973B2CED4CEE9A43B7D58C5DA0C7D6A4DEBD3BAB2D06C57B663BEFDF452DC714E8A33D0F75EF4EEAEB44F1A26505D8AF9BED0266EFAAC94D83DD58B1CBA62572F46E43397C40AF3B53FD0C1B37A9E1E6B54A7A5B5DA78A778D6BD01E5D166689A5C746FFB8FF2C1CB5BBCEE9518010FAA55605D40517CF4DA1E7E081ED23C48E641EAB107D12818617C3F826164834812C6C573E8ADC70C9112C1B0DBA79E62097F0AACDADF2EFB04B6A042000EF8C0AE80C4AE854F7E81FCB34934EF38D92810FB8F7D60947C1F5EE96A45BA6BE59E28AFBA9EFA85D15E27BC69E9A62807B2BF3F02EB1ED5410E8AFF321A2FD185114827D07780053079D5E01A2E83CE40AAAE6CAC6B778D7B4AB0DEC1374C8A1DF294D50E11C8BCD074F050091759F1E04DB7885B320F505F22680DD949DCFCA984BF580FDCC688236F886AE7094164FCF67F7397B7B5B5E3D3FBFC429D9B424CE19CD182FA5807953877FFFA70EDE2B2DAAABA8981738432B8E479764648D96192B5EB29126F1663AF90D45395F56B75FF1EA7DFC31CF7679C6BA8CB75FA36FA23078FCDFC6FF7CA6B5F9FCE38EFF4A4374E1B702B423C31FE3773989564DBBAF818BFD0612FC60A18257E06399719885CDB786D22D8D1D0955E26BCE43F837E322462CFD183FA027DCA76D9F53FC016FD0F21B7BFE4456383113E91E0859ECE797046D12B44D2B1AEDFBEC27D3E1D5F6F9CFFF0FDA9C0F9235880100,'6.1.1-30610'),
('201503291231097_AlterarAluno','GestaoEscolar.Migrations.Configuration',0x1F8B0800000000000400ED5DDD6E1B3B92BE5F60DF41D0E5E08C652739C04E60CF4091ED7332133B1E3B3958CC4DC04894CC33ADA6A67F0C078B7DB2BDD847DA5758B27FF95364932D764B0E825CC46AB2ABC862B1582C16BFFEBFFFF9DFF3BF3C6FA3C9134E5242E38BE9D9C9E97482E3255D91787331CDB3F51FFF63FA973FFFFBBF9D5FADB6CF93DFEA7AAF793DF6669C5E4C1FB36CF776364B978F788BD2932D592634A5EBEC6449B733B4A2B357A7A77F9A9D9DCD30233165B42693F3FB3CCEC816173FD8CF058D977897E528BAA12B1CA5D57356F250509DDCA22D4E7768892FA6BFE03443F42A5DD20825D3C93C228835E20147EBE904C531CD50C69AF8F6738A1FB284C69B871D7B80A24FDF7698D55BA328C555D3DFB6D55D7B71FA8AF762D6BE58935AE66946B79E04CF5E576299A9AFF712EEB4111B13DC151370F68DF7BA10DEC5741EE5319D4E544E6F1751C26B29823D2907E2A478EBA78954F653A3074C5DF8BF9F268B3CCAF2045FC438CF1214FD34B9CBBF4664F937FCED13FD278E2FE23C8AC4E6B106B232E9017B7497D01D4EB26FF7785D35FAFD6A3A99C9EFCDD4179BD78477CA1EBD8FB3D7AFA6935BC61C7D8D7033FA42EF1F329AE05F708C1394E1D51DCA329CC49C062EE4A771D778F17A6BB2444B443FC7ECFF9A37533E3685A6931BF4FC01C79BEC914DAEB3E9E49A3CE355FDA06A0E7F8F49FB629A2539EEE2784BB7D8C283A98313134D261D5C496A63FA73808E5DA20CDDA274C9CC429CD19A1B7B8A3F91AD7F8B1FF033B58D4580165FB139B1A20BF244A26A7219D9FDEC362A767EECE79AA429A25DDC5C95C0CEEE1E476443BAB905E9DB3D9B400B9A0CCDE681B045864DD5C1BBC3562B1AA7E80947838FD31D4AD88CC1CC368FC995DBA13B4486EF1D53FA31F87CC251179B4052BB41210C78B7D4C6E0C3A4D6C52684D4D092ADD528222BB41A417688A41F13B2C1DBC1597D5EDF22E63739F42C8814DD588511224E538AE67946DFE5E91225E32C59BFD2E492A4BB7B9CC784E2948F6417E3D761661B734CB6E801E52B3C06C34B66EDFD989E0691EF0D5E3117B770D03EA7CCF7E9627B1686ED3CC209F3443AC732143BB6B7DA5DD39832C9121AD14D673F438C69C1F58EF9BFCB7159CE7768249D5D5F9394A9CF5813C49D6118B561FC7E23698E3A3703013BE8C8305807E76C4664E469CC31746619CAD664E857F49574AE93A1BAE8CE304C07EFF1324F52CA760D1959921DDF0DB11A4FC8B6C10F6458EF37437B8A1F930DA257CF3B2BA7B340BE9BBD3B8142225267DA6888FDC505FB9BA953199B185AE69FC88EBA327C1D66EF996F71426F99D21E82EF25FD84936D871F1280DB358D1E6DE1C4D721987C204F89DDAA86D2E36D11BAAA07CC57A3F9C679C14C164D884663B0EDC462B71E5CFE7489A27FB0CDED3D4EC90AC74B621BF240DDC23B476E2182A4F10A27B8884D75733C3B0DB2D12DA6E9785D5C302F9AEDC4F8AE68C4517C8748E2DCCB400B9E13B310122D7C2127763D2DFB2D7A229BE208480D2190941B9965B901634ED13D8E8A7AE923D995E78C27729D2F95677A9DD0ED3D8D341A65F9974F28D9E08CF5845A2A3DD03C597AB4F60631892CF308C10D6D8AF5362A455AF3D472A865E7B3F694D17AF628F7D5FB10527EFDC769A489D73CA6AAA4EDAC3B1CBB3CD92291A6D5720F71ECC81D07B847AE7E43A924AC13E304204BC33532D3CF6B778621FAF8B8C893D23624EF506A3FF30EB3C00A1CE74986AD67D1A119BE8FD794CD836CE47E7E2019E38C984FF1D7FC09C7C36FE344E6ACE8779CB17DCE764799EDC01B664587E6FFF76C758D782C84265C93C7D12C85290F8A0C7E9AA5F22C653D34D74B82D20F38234F345556858E356597D0A73B9A64F926B74EBC1019150533E679E0CEF9168CDB2F9832ED5EDBB725A198556BD928BC16A473B7158AD5D52A2F23EDA3308BD3323385A64327F814FCE67693108C8FDB3A138C5DB3BE90A87B8109274C66800A17E90363C126FAA83CD3AB74774347E179CD879247D68B63F0A1455B6735759F8F063920614CBA7735AE3BD8AACDA176D9F536D5BACBAEF7BABDF6B2CDC6D87B1BDBBCF963071B56B9A07DAB46A473EB5C7A47FB32E75BD6055AA1344B80CDEA00D3C423C6A34E0E530CC8B951B5D0C08635A55FC42855DB3AA85C0B4381957CA364C5F5029219A27975E9176166B7ADD44BB53602557C5B58A82CD8BAA2C42041B54C6B995661AF289E30DCBEB708EA377F583E8B011A7AE5E6D95BC8CE27445203DBDF0A9BCD01F8196711D358AEF04B8AE1995E9723E608B4BADCCE27A85C9B5360A5C071FB5EA653B5EE56FBDACB00B45DF7B600EDAB3F4C80C50404F24148BA24BB88C4E8928797D67C1392DC22D82FF2A43D9AFB2FCE33D5B151CB34DDD72A84756D7A19125B1B356BE3DA4EDB50834DB7BDF04532A06D775CDFD16CA5F38B7BF9257619781A2A1BB11FA6ABDBE2EC6B5FAEF3B8B8EC919081F681BD4D55DBC78E89F5C5A6438689657FC732B13A5EF4754CBA5CA841CD876A21BDED8E6B2F0525F3EFA5F4B2632F8577FC7A29BEE8DBCBAE4DA5B39A3A54376C3DFD95B387D5DFC3C6FFB0E8265E3CE15214F1D837CE1907B2A57734CEA8F5B87F10DE7CA37C20D624AEBB3D36EBC5A33EDE979469FB3E714BC7D09BC81988BD09CB9D31F826D4F15DF43A0CE1D88BBD798170B4C1BDEC692D486F6B5ABFF8C3969A7885F38E9B48CEBE84EA413B7B476CD79C439C4ED6AC5E8DC7EAF578ACDE8CC7EA9A29D0D047C9456652DAA11521A2C425A30E9D08C7A84323C231EAD087708C3E31E364BDF2340E5C4ABFE4B4BE9BEC1E0E83BA9ADA9C0AEFF07D9803456313F533C75E4BBBB463F55CDD85777F2CF0265EA544F68E57911D0D18FEBACDB7F77843782282A400035F5BE41B47377E61B2DF39D09763FF82A394017C7B0396555707E2D598C2FBBC766718E4B6E326412B66EDE8C8FD6473A107EF37811466BE22E5EDD7A0FAB25BBB4A30C8D5FD1199F1ABF5E329658119E0DEBFC017A241C60112C6CA25093EBD2C8AC4D0B214A7008AF52408A08E77CE93BCDC814D95C2DF6AFDB6C9966A9A7365ABDB2BC20E4788AC6705E6D8BE1C3E87FAE1DAB6CF695E0D2DD0BAAAD0D43EA0586B215467AF807EADB1BE9925C5CF1FBEA98917F7C76AD18E1DC45FC4BBDFF74750F0F57B5987B93258D144035DF76473828EC50BEF3A87310824457D9D74943BFEC134B33302CB4867B4935D983D10F3301DC62A1C248D0BBF2029A402D4851BCF7048172EFC82819AE2358D5D74334834EF791C46575B44A2A144E8926A6148CAF5F746B54C3A8BC71ACC95AB25A77A711573D881AB0AF7F28BFAE5B1FD48581B216217325AC7BC966AA4C7F6D21E7042B02D0C32D027059E70D4D5E36158F39BF76CC8EAD1933E38309457C5A66585BD7C15A7A40BC932CC358C1AC268A4EB17FE691403E4A1A96B834FEE5A80D88AD35A01B751594842E5327A0622E0B6ED1324E9B8EBE275C10D6E5DA8FB2D5A84C977CD95DFFFB1FA9A7871DC5B366260403C904FEA3CE8551CCB7BB0ABF77E0CB2895740E7E803DD90F8108E516C45600DC5B6B76DEF11C6552DA82DD4EB329FE66C255D92A261B57705E136C81D667BF9890B884329781D0C828D029B547C415FB2265D4CFFA089B48343B35B6B398084CFA6EA3CFC185FE2086778325F96DF795BA074590077AB739135417EC2A62EE69FEA21285AB06164C680C4993ECF49CC61B92387E62BEF3A5A09DEB6868B5A72897738E613DC617C5CD837D705F53634AC14B97589E97C26E89C5D15556C04938E1881125AF5107279DC75CF08B279F46A6768F9081A67188BE35736EDC2AA492BCCB7575BB510AF5ABBEB9BF1DAEBF12B9CA9E923689C693C5E96CA35F7905D9443BF941C52F574EC0441FDDAFBD2C7AC826A17465643757C9C5451840F38883A42D9B9267DB1A6EAB6EAD2DE4A715745EBB5A196B498427C6CAA68E9C2089A68191B17EEF27597C36A62EBB6756A0B908F1D480F01E82807C7F288B450EBC0984AA88D8B0B73E9A2D44154D0F98AA0497DFCEF0B8E6EDB7A34D66A8821FC8EAEF9D64BB37D653B82BEFB4AF085586267C0886ECD72458FE8A759834F0C57EC9C7E9EF89ED3C04DB6A34E033779F94D03180FEB307B3720EFC5B8B9B225C108FA521D3B8EA2D8D634F1B64D52687A1025B608678C5D9B590C2EDCDB3C948328A1CB01BC4901BC4EE35B8518D3F87A01D71CD421F110E6084AED213797D61CD6D04A2919764D51F3333AB4D6B6F983930347B5D57B28A2DCEED1344E96FF8BB19FE21A67D707F024766F2D03AFE9382DC1C7A26F400F46533A604C5C782BE90D07543F2177CAAE2750225587F29D9E9C9C75EA1F8440DEEBE4740F0DD2FB369A02E9DD3FFE45D176B1D234D84EB72C7B7AFE6E5C00EDD272F68ECDC039F467044D75183B27A5D5212A0EA2BE50E29349A1AC5950AD22357980EEAA6ABD26FB42D65F4B1F46504BCBD8BC9435D8192BB65784B04369F7DBA9F668C34B536FDF8E1D3AC2F9822702F8D10A93C2D9BF603176BA4847BB0EE0D4DAE433828EDAC4E0C27EEC5C94323799BD93B13770D2660164F8198434FD9CE22ABD3FADB2B4558DE0041F7026E679A5D3499B042DA7D36996557E5DFBAABC46474D70EE2028DE97D16809CAD941A61927B06BEDDCEB202301BF6B74C463AC0E42A06DC4E92D4AEBDB601A75FB12E8CCCF4EBA93908073AC916973473A88C877A0353AD242DB3522455C0C1C8D2AF0D841C0286F37C12A1B059090BA73EB20D902DA68A41ADF5D2121580BD35CAC3F2E235405672494D32BAD1CD69B0C4D5F0053A09947C7BB0B024D9894642D593D07D9681F13D4C562CDA9975A6FCAAA171A2E9A318B1C4C79F44388404BE30664604FF5969A6E4CF616DA2E994F8B188CE9DD43CBA15D08ECB28073908D7DD0B290F7948996772CCA4558E9F6960D0843AB8BA6331F56EA892D2356E888B0D258C462CB81158849EB5F38B1080E88452A86DC4CB81F7A76667F99E8F9984E26A98744DCBF13A0CBA95F02A1615BEF784EEFA61AFD7858D5CFE4EE051C81AE0F16D946C02777CD3DB00265AFED219D7E8C8161B1D8DE3E0B0904F003AC235DF950B2D9B76444893DA9DD60DB0A6249641248C9EDDF5B2A4ED017BA94BC137680E33A6F53E0A06E3E9936E31A001991C32451283D04E8A09220D247464A4A48B7B2F6EEB3B4B93275DC18A1069A0E05A3FB88000A280F3DD3C465DD240B53DC12E80210B5EC230920C838942B6285D2D525E27C40EC7D44EC38D2DE87C2A2FCB5E8C3DEE203A11674B1751E4C3A1F4D0ADD69231F1611D90E23879B5CEE5F4AF474AFDC04E87D76368A7B35EE10C01F0BD7C5DD7D3EE37E42E3B4B1763F58D9D7E6D5E024CD014053763E7B583EE22DAA1E9CCF8A4DE02ECB5154E2F8D4053768B723F1266DDFAC9E4C1E7668C9778F7F7C984E9EB7519C5E4C1FB36CF776364B0BD2E9C9962C139AD27576B2A4DB195AD1D9ABD3D33FCDCECE66DB92C66C29495A3DAE68386534411BAC94F28DEB0A5F9324CD386EFC57C4116416AB2D50AD3AEE30C4516B36D289863E62756CB5AECEFF2E5F917190C0C8572BB76BD6158EAC57F40AAB112AFD3DF6E6C31231C20064D18246F936369F6CD9DEE6C7496BB2E411220ECB83546A7AB93B750EDA28D32B9F785020A9428000F3C8FCBEFC3D1299945AE64E957F5345A6553E71A770C534654517E48944551455A4A697BA53E6D6B6F8720240572D73A77A8F23B2212051A5C88326D3A905470697A8D50F3D46A3F90A973422CD539F5EA63B1AA7E809476A1F85028FB140FCB416338360A46CA8E237C7EE10D1A759F1D04F6F343ACD43773A9F70A491A99FF9F5EA0601C6A378E8D72B8D4EF3D0AB571A99FA9947AF50E1D89438A74ADFE4221F1D23E9C7846CF05655ACF6B93BB5CFEB5B94E509D844B5CCA7DF269A7D29DE718712CDF38CBECBD3254A2063075771E7F12B4D981BBBBBC7794C284EB9400136E65A5E5AFA3562AED203CA5718B6DB5AB9C71AC8AC4B1707531D772EFCA3D04B542CA59F53B67A014C0C55DC79CC239CB0A5061A06A5C88326F34977D734A6ACD784467403B5DC58C993CF1DF3369656265A0D4F0EF31D82C6572DF3D19EF53549D9B8815A2397F9E9A49DB25EEED5E6DF08DBEF43BE955AE6DD660B65BDDCABCD73A65C6C0B6890B452EADD6E2B75A886CFBCCCD0AFE82B812CBC5AE6D76E1B65A8DCC7D75BE6494A99FF95119EF3C75C4556E309A5AAE767ACE6C16BA310DDF8BC5D7C80EDEA79A752119FFBACF02A9DF289DF9E0A688EF0D89DD682FDCD86AEDCEBC8F494220F5F8DECA8852E50ECE1C914DF93B9650A60E160ACE4CBE7927EC2C99642D49B22779AD7347A54B6F7D523771A1FC853A2B4A77AE4A93FE5D7FD6AF9009AA456F0DB3B2CD87CA5093130806B7868ED6EADE82A7FE02145CA9EFE83B9FB6CCF4756385E12655CC00A3EB36A67A2AC1479442CE2154E70B14D050943E5BEFA6EA2AD977AC8A2FD249351267015771EE517984CE4F5522F6B6DA02A9778C8A358298DA2D04A75CAE7332584A9C648675A90540954AB2157A780AC9A18DA3F32ABE492FB8768BB080C13AB9DC754CD82971C2DBDD863CDE40733220565CDD48BFDECBDADE150B94F24950F2A6B1B184795CB7C67898D365CC36766DBA8EBA51E6D7F5CE449794894BC43A916D387CAFB519F27194ECDC4ABE27EB4DFC76BCA942EB3365FAAD48FCF0792312A88D9FEBFE64F38D6BC507BD57E3C59D1EF38631EDC7647DFC719DE24C8C216AEEDCEF9EFD9EA1AF17D124DB83E412A61A8D29B07DF2E612B8BAA467F0EA550EC3CEA3A1EB68AA0B439AE958C9458E061B3776CB37847932CDFE4EA5451CB3CA9DEA00C43F3432BF4A4FB0BE65F825FAB9E815AE649B532F010D1B6C893E682001E8C5CE249F16A9597212780A650E64B354ECB43329AAA6BB65EEC497BAE4D34E1B1272DA3C9D54B3D2937969344A0953556F295069BA0C5BAFC81B96F6C0E4092D1AAF4E5915EA5BB1B6AE5D154F1E4714DCB3B1BE51906242CAD86FF7929E07628453E11C00AE75F0EFD19C0FF0FB687B066F6B86E1F8CF7321C760E967707DA34780E8C7583A0D23162F458DA23DE7C56B62FE62BD1667A7CF3B0402B94666A5C4A2E391A1514F2C1F6C82D32DD2473C92F32BF3BD8BE551B6ADF9345A411699F7AF990821FA791048A8F466DECD7695CF546B86AEEAF38B69707D39CB0C6A203E85876F8FD40912DBD78196B6367BE6F7FB5B36210F82BA21FB9615453868E8715C78FA28251231DD3D8E16BCC347D57ED83AB5E182DDB4BA7C6D2207E0825DE8F560FA8CCE81A36AA37E8996CE91D8D3335822197782EBF2041B1C0831E89EB7628F4C4029FC09A498A72C9D1687B7B1BBBBFAE379829FE9A6E7EF5A5584AE9E335B28A5BBE6A63D1A04A2267EF8892442997F8537C65A4F8AA27C5D7468AAF7B527C63A4F8A627C56B36A26A3C5B2EF25815793C37D547467CEE4B4D1F15F1B92F357D44C4E7BED4F4D1109FFB52FB44337524A4822193EC0F645D3B2EC8BB1A58CBFD3A071B6B7D7B1833DB22BDEB27A09E4EA30E62ABE64FF576486FF3ED3DDE101E93916E3F2AD91E601D3FD7CA4C5E2DF49804F8D9DC6CADD02F88D5DE443272B054F33ED98E574636700DAF936D0B75BDD4276F6A93A015CD136AE360AEE5A5A76ECCAC15FD3460BE2265D29B5501E05A5EB96BE69157CA7C325C8D449522BF4C558B1AF5A65BE4CD5A4843E5BDB21B2D3CCCB58E6621ADE136F6883682A0212E9146C38BC36DC46BFC1375A180D1206DD416F1EE776556154FFCDAC305A95E8D149F7BB407251B0A91930ABC724B2161098FFD73A0E0DCA7BEF95AE63C2DCF6D2BDB4C6614A2A9967965D1420485C7BE39B3068A5A61AF8C590371B8866FBEAC81B856E8E1B9E208AF690CEA815AE6B3957A86080A8F3DC67F8B48046A805870346BC0DE91FFBE21FE5163F9E1B64E43C4F0B9D9AF4085D5D500C41AB6D17AC009C1EAB6A578E4D11EF28423A841C273776A3C558F89A4960E00D300D7F08816D25575C1F82A4E89768CAC957A1D27D770B2CA31B209BBF8701359457CDA634ADBD1AE5C267717858102D1385D266469DB5F81358E66101B9CABFE83572381FB0F9AF1CD61066B084BCA36EA24D66205FC918F058DD54B74D5A391D544C37452AB34DCAB27CDEF06D3A9C25392809E8A7E73D8A6A2BF6985EDA4022C9555A613269C27B2E2E04A37DF1EFE159DF0F293E2CF45445887DB1A3728266BA68A9FE83F717C31FDF9E4E7E9641E119496E85B1574D45BF543144E585267AF3996145E6D67EAEBFE88549C4A9AAE22008F8A0F9398D2A1E048FD0D7F53C7B7D61DDB7747CE67EA8BE7C0442AC1FC09976831317FC16CC45186577728CB7012D7484DD9B7E9E4368F22F495838AAD5194EADF77D1C8EB104F25BB27942C1F11DB1DDEA0E70F38DE648F17D3B3339141F165900EFA25E493992293BC779B0B14280BC99F7D1BA9624195B4578867517BB6AD8482B248D0B76D3A1A9499F8CFA7BED4EF144C28E7817221AE6043856C7703141592687B9E15B4A922B25350F91AD0A382F268B0A4C2B6BC46960A4AB5069AB211EDD3FF02E72978FFC353AD21A982F65F46A60AACBF2D485550C22A569585B8BF3C1C09F710070C5915948719AFCACCE6750FEDD6A0A4029237A15559589CFA4BCA00576559D97B305170AB021337C156051C8B39885A159A81005D15548F6484A9C02AEA41BEC7E0AA5053E11BEF4ABE5FE315B4A9F0CD7767D06BDECAC053819BEF41BE47E32DA056610D1007830AE98B889057D696FAFB0B1D4DEDB3A1941AAAEE255D8828F051212509A0605975CCDB4B3261600DC0A5C1C20AAA12153696ADBDBE242BA8AC902441ACACFE1A0723630575400BACACA05285C0B2C2365906CD0A390F21D82C9B1AFB6F5734ECAC90CD3740670595BE8E9F1578ABE848DA5B361A96D61EB64F3C2BB086A66DD8542F36460D605B09DC3C8901605625B1189E72DE0C2040ABFE265905820A6BD94014ABC0F3CB83BC77FB012CABA0F64D87B31A8ABC84AF32141300C26A285677206C55486E06D4AA015954A8554372A831AB42F290C0AB40C3E9B4E5DDC97855018FB834CCAAD0B405E0AAD0A45BF8AAD0941B14ABD0840528ABE0A42530ABD0D4E71DD3AF1F5547CBDB8F38846A155C2C1AA6D5601C1A44ABD01C3440AB800C14582BDBFECA3F0E58E178086655CD4279FB9E6DF29E2FA6FF55BCF376F2FE3FBF54AFFD34F998B0FDDFDBC9E9E4BF3BDC4CE70D800162EAE5FAFE6349D8B053F0675DBD6662EDA45622C08D67C7DB57F7EABC8C9FE59C10E3ACA7061CAA97ABA7A14D4B8B7015F07001C0B8EA4DDD79A84DC8512F79AC0F3E3D3BF0A9FC5A65A7B657438F6F8574C78F7AB10A2A43ABF4D5853D475E49D4F66B85F4F211AEE26114F03B513715AF2A6CB6AF8C5CE5183D74A32C425805252C625985242C635A555E19CD198150CA09E343BD58D53C0A4B280153F9B5417875AF26C850560137D732A2D500845F0F45F8CD50842B94AB809445B8AB80BB0111F72A38D9AE71EB49B66BD47A92AD10B102D275B94CD015CB77B6DAC6FB942FD670B7F7AFFD0C66FDDE7E3EA30E72E5E93DAA04F66A8E09122B68C293068C15F4185883C70A681D2DC058CE712BE3D9B882E914FA6CDC9DBC7F5E9409972A681FAC0858664E6FFA0C320C7EB5CF182B8857214F5D1560A790A435F4AB806A03C15F05551833F655F820338424F562574411902AEC0EBB84A8724DCA746E6C8D2E15366549C4AD0A9DE6D92D5EFFFCD416CF2A7872A1B736B8658BC8E856419D0C01D769804C7027EAFE273130DE5550B968A85741875405BF0AB9160938584113A34540AC3D84E1BC547C4FE1FF83EE9D8E24EC2F0064855D2C2BC42C8B6BDB07D0A205CF0A4A1846CF0AB9BCE9085A410DBB80A635FC41B51599EAC55A0318D66A0C9B0A8246BD58391E8961AB30AB421BB5D87EDBAD9BA8492BE6694A97A4904B6D94A4CB115FA09B2ACC139ADC53CE494ADAE3585127D5939B3CCAF8E9CC92F1E4412355A73EC697CCEDC9F064BE2CA1A416285D16B76955BD62CC4CDCE17B1C4533D422B93D7FD0D830DDC61CAE85A0684163E66323A24382DD2524E6577223A9F74A2DC709C3BBD6D0534B2EF10EC77C26C01D75E168FC86D9F9ACA1AE48BA4B06E733415BEC4AD41C8C1DB5FEB4D998620B84A72F5B6B6CDF423D368569B3D08E5A63846439B109E2E397AD33A66CC0A3571A43C2AAA0384D0D4979DAA7DFB702593E4A7B7025B27D30741445AA7303BE1893BFDA11D4537C8A11141F8FA2494D2A90D88AF6E1205A64FD8A637035B27C474FE765FF5EDDB85A64BAE5D1DBF3F88E54C8CF29195383AC1F281C45815A1DB6E67CA7476F9BAC49DC70CBA08ADF810DF3FCBAF251DA355B1FBE5C99BE7D3EB43A7C670EDADE8A32AECFE6FB05F671F603C5098918CD33EBA47C7A558E71F568143D03C2BD4523A4E783689AF1CB5FC175CAFE250A9D9DF9AB2EA3A84F69D0FAADBCBA2D1BD3681DF37A3B9A05DBDB821ED67855CB299413753C56CB51CD5F9CA5725792A3B051E663D0BD1698EF42697C179DD134A7E3D33823AA4FB3D3DD7B3D3B3D3939D386EDD0072CA3AD387EB18CC32E2F82F6A9F71FCC4AA0D493D4412DFBCEBDE6EE2FAB1DDC7D76F8F8FB28AA562596BCB055AA4E87115BD13CFB1E562AF3E7E58E73ADB2869D5E966E1DF3FE6C642DDC7B97760CAAD99C58BAB852C771F07CA05C97318F9D3DF35D463E75BE92BF08D99C192A5F6FD4D4A8FAC8A49870319DB4C97C72124CF9EDC78BE9EA2BD7B6321BB02AD29C7499B09A30A771502B40ACD43A1D3C05EDD3D809651027A1B8838930D174A9B565A0E4DAE20E26E2F180C6452C84D888E51D7CECEB83C6D95E1D6A8BFD0DE7D659DBD2C5B9934F7B44AD71698B201E6D690707C945D09848A5101FCB278A75D5A9E277BADA5405A0CA801FA3D7689BF4C2A2006E23ADEDFE74166A0D90995AA9836DE38F6BEC9A12884D53A890172CB5C91056D98813A12A680FA1AC45D90B10CD6AF1D166D0464AEFC036B978B9C3D2CEE4AE39745BCDD8057A6C4DEADDBBB3DA6250BC67B6F3FE5DD4724C813EDAF350F7EEA4BE4E142F5A5680FDBAD92E60F6AE9ADC34D88D15BB6C5A2247EF3694C307F4BA33D5CFB071931A6E5EABA4B7D575AA78D7B806EDD1656196587A6CF48FFBCFC251BBEB9C1E0508A15F6A55405D70F1DC147A0E1ED83E42EC48E6B10AD127116878318C6F62814413C8C276E5A3C80D971CC1B2D1A09B670E7209AFDADC2AFF0EBBA4460002F0CEA880CEA0844E758FFEB14C33E934DF2819F8807B6F9D70145CEF6E49BA65EA9B25AEB89FFA8EDA5521BE67ECA92906B8B7320FEF12DB4E0581FE3A1F22DA8F114521D87780073075D0E915208ACE43AEA06AAE6C7C8B774DBBDAC03E41871CFA9DD20415CEB1D87CF054001059F7E941B08D57380B525F206F02D84DD9F9AC8CB9540FD8CF8C2668836FE80A4769F1F47C769FB3B7B7E5D5F3F34B9C924D4BE29CD18CF1520A983775F8F77FEAE0BDD2A2BA8A8A798133B4E278744946D66899B1E2251B69126FA693DF5094F36575FB15AFDEC71FF36C9767ACCB78FB35FA260A83C7FF6DFCCF675A9BCF3FEEF8AF3444177E2B403B32FC317E979368D5B4FB1AB8D86F20C10F162A78053E96198759D87C6B28DDD2D8915025BEE63C847F332E62C4D28FF1037AC27DDAF639C51FF0062DBFB1E74F6485133391EE8190C57E7E49D02641DBB4A2D1BECF7E321D5E6D9FFFFCFF879DE2A93B880100,'6.1.1-30610');
/*!40000 ALTER TABLE `__migrationhistory` ENABLE KEYS */;

-- 
-- Definition of aluno
-- 

DROP TABLE IF EXISTS `aluno`;
CREATE TABLE IF NOT EXISTS `aluno` (
  `Id` int(11) NOT NULL AUTO_INCREMENT,
  `IdentificacaoUnica` varchar(11) DEFAULT NULL,
  `Nome` varchar(200) NOT NULL,
  `Nis` varchar(25) DEFAULT NULL,
  `DataNascimento` date NOT NULL,
  `Sexo` varchar(1) DEFAULT NULL,
  `EstadoCivilAluno` varchar(50) DEFAULT NULL,
  `ProfissaoAluno` varchar(200) DEFAULT NULL,
  `ReligiaoAluno` varchar(50) DEFAULT NULL,
  `RacaCor` varchar(50) DEFAULT NULL,
  `Situacao` varchar(50) DEFAULT NULL,
  `Responsavel` varchar(200) DEFAULT NULL,
  `ParentescoResponsavel` varchar(200) DEFAULT NULL,
  `NomePai` varchar(200) DEFAULT NULL,
  `ProfPai` varchar(200) DEFAULT NULL,
  `TelPai` varchar(20) DEFAULT NULL,
  `NomeMae` varchar(200) DEFAULT NULL,
  `ProfMae` varchar(200) DEFAULT NULL,
  `TelMae` varchar(20) DEFAULT NULL,
  `Nacionalidade` varchar(200) DEFAULT NULL,
  `PaisOrigem` varchar(200) DEFAULT NULL,
  `UfNaturalidade` varchar(2) DEFAULT NULL,
  `Naturalidade` varchar(200) DEFAULT NULL,
  `PessoaAutoBuscarAluno` varchar(200) DEFAULT NULL,
  `HorDispReunioesPaisAluno` varchar(3) DEFAULT NULL,
  `ProblemaSaudeAluno` varchar(3) DEFAULT NULL,
  `DescProblemaSaudeAluno` varchar(3000) DEFAULT NULL,
  `MedicamentoUsadoAluno` varchar(1000) DEFAULT NULL,
  `AlergiasAluno` varchar(1000) DEFAULT NULL,
  `AcompFonoaudiologoAluno` varchar(3) DEFAULT NULL,
  `AcompPscicologoAluno` varchar(3) DEFAULT NULL,
  `AcompApaeAluno` varchar(3) DEFAULT NULL,
  `DefFisicaAluno` varchar(3) DEFAULT NULL,
  `DescDefFisicaAluno` varchar(3000) DEFAULT NULL,
  `DefVisualAluno` varchar(3) DEFAULT NULL,
  `DescDefVisualAluno` varchar(3000) DEFAULT NULL,
  `DefAuditivaAluno` varchar(3) DEFAULT NULL,
  `DescDefAuditivaAluno` varchar(3000) DEFAULT NULL,
  `AltaHabilidade` varchar(3) DEFAULT NULL,
  `DescAltaHabilidade` varchar(3000) DEFAULT NULL,
  `RecursoParticipacaoProvas` varchar(1000) DEFAULT NULL,
  `Rg` varchar(20) DEFAULT NULL,
  `OrgaoExpRg` varchar(100) DEFAULT NULL,
  `UfRg` varchar(2) DEFAULT NULL,
  `DataExpRg` date DEFAULT NULL,
  `CertidaoCivil` varchar(20) DEFAULT NULL,
  `TipoCertidaoCivil` varchar(300) DEFAULT NULL,
  `NumeroNovaCertidaoCivil` varchar(300) DEFAULT NULL,
  `NumeroDoTermo` varchar(100) DEFAULT NULL,
  `Folha` varchar(30) DEFAULT NULL,
  `Livro` varchar(30) DEFAULT NULL,
  `DataEmissaoCertidao` date DEFAULT NULL,
  `NomeCartorioCertidao` varchar(200) DEFAULT NULL,
  `Cpf` varchar(30) DEFAULT NULL,
  `LocalZonaResidencia` varchar(200) DEFAULT NULL,
  `CepResidencia` varchar(20) DEFAULT NULL,
  `EnderecoResidencia` varchar(102) DEFAULT NULL,
  `NumeroResidencia` varchar(20) DEFAULT NULL,
  `ComplementoResidencia` varchar(200) DEFAULT NULL,
  `BairroResidencia` varchar(200) DEFAULT NULL,
  `UfResidencia` varchar(2) DEFAULT NULL,
  `CidadeResidencia` varchar(300) DEFAULT NULL,
  PRIMARY KEY (`Id`)
) ENGINE=InnoDB AUTO_INCREMENT=16 DEFAULT CHARSET=latin1;

-- 
-- Dumping data for table aluno
-- 

/*!40000 ALTER TABLE `aluno` DISABLE KEYS */;
INSERT INTO `aluno`(`Id`,`IdentificacaoUnica`,`Nome`,`Nis`,`DataNascimento`,`Sexo`,`EstadoCivilAluno`,`ProfissaoAluno`,`ReligiaoAluno`,`RacaCor`,`Situacao`,`Responsavel`,`ParentescoResponsavel`,`NomePai`,`ProfPai`,`TelPai`,`NomeMae`,`ProfMae`,`TelMae`,`Nacionalidade`,`PaisOrigem`,`UfNaturalidade`,`Naturalidade`,`PessoaAutoBuscarAluno`,`HorDispReunioesPaisAluno`,`ProblemaSaudeAluno`,`DescProblemaSaudeAluno`,`MedicamentoUsadoAluno`,`AlergiasAluno`,`AcompFonoaudiologoAluno`,`AcompPscicologoAluno`,`AcompApaeAluno`,`DefFisicaAluno`,`DescDefFisicaAluno`,`DefVisualAluno`,`DescDefVisualAluno`,`DefAuditivaAluno`,`DescDefAuditivaAluno`,`AltaHabilidade`,`DescAltaHabilidade`,`RecursoParticipacaoProvas`,`Rg`,`OrgaoExpRg`,`UfRg`,`DataExpRg`,`CertidaoCivil`,`TipoCertidaoCivil`,`NumeroNovaCertidaoCivil`,`NumeroDoTermo`,`Folha`,`Livro`,`DataEmissaoCertidao`,`NomeCartorioCertidao`,`Cpf`,`LocalZonaResidencia`,`CepResidencia`,`EnderecoResidencia`,`NumeroResidencia`,`ComplementoResidencia`,`BairroResidencia`,`UfResidencia`,`CidadeResidencia`) VALUES
(1,NULL,'Fagner Moraes Carvalho','2312','1996-06-04 00:00:00','M','Solteiro',NULL,NULL,'Branca','Ativo','Maria Arleia Moraes Carvalho','Mãe','José Gumercindo de Carvalho Junior','Operador de Máquina','3532955854','Maria Arleia Moraes Carvalho','Professora','3532955854','Brasileira','Brasil','MG','Machado','Motorista','sim','nao',NULL,NULL,NULL,'nao','nao','nao','nao',NULL,'nao',NULL,'nao',NULL,'nao',NULL,NULL,NULL,NULL,NULL,NULL,NULL,'Nascimento','342342344243333233423',NULL,NULL,NULL,NULL,NULL,NULL,'Rural',NULL,NULL,NULL,NULL,NULL,'AC',NULL),
(4,NULL,'aluno01',NULL,'2015-03-09 00:00:00',NULL,NULL,NULL,NULL,NULL,NULL,NULL,NULL,NULL,NULL,NULL,NULL,NULL,NULL,NULL,NULL,NULL,NULL,NULL,NULL,NULL,NULL,NULL,NULL,NULL,NULL,NULL,NULL,NULL,NULL,NULL,NULL,NULL,NULL,NULL,NULL,NULL,NULL,NULL,'2015-03-09 00:00:00',NULL,NULL,NULL,NULL,NULL,NULL,'2015-03-09 00:00:00',NULL,NULL,NULL,NULL,NULL,NULL,NULL,NULL,NULL,NULL),
(5,NULL,'aluno02',NULL,'2015-03-09 00:00:00',NULL,NULL,NULL,NULL,NULL,NULL,NULL,NULL,NULL,NULL,NULL,NULL,NULL,NULL,NULL,NULL,NULL,NULL,NULL,NULL,NULL,NULL,NULL,NULL,NULL,NULL,NULL,NULL,NULL,NULL,NULL,NULL,NULL,NULL,NULL,NULL,NULL,NULL,NULL,'2015-03-09 00:00:00',NULL,NULL,NULL,NULL,NULL,NULL,'2015-03-09 00:00:00',NULL,NULL,NULL,NULL,NULL,NULL,NULL,NULL,NULL,NULL),
(6,NULL,'aluno03',NULL,'2015-03-09 00:00:00',NULL,NULL,NULL,NULL,NULL,NULL,NULL,NULL,NULL,NULL,NULL,NULL,NULL,NULL,NULL,NULL,NULL,NULL,NULL,NULL,NULL,NULL,NULL,NULL,NULL,NULL,NULL,NULL,NULL,NULL,NULL,NULL,NULL,NULL,NULL,NULL,NULL,NULL,NULL,'2015-03-09 00:00:00',NULL,NULL,NULL,NULL,NULL,NULL,'2015-03-09 00:00:00',NULL,NULL,NULL,NULL,NULL,NULL,NULL,NULL,NULL,NULL),
(7,NULL,'aluno04',NULL,'2015-03-09 00:00:00',NULL,NULL,NULL,NULL,NULL,NULL,NULL,NULL,NULL,NULL,NULL,NULL,NULL,NULL,NULL,NULL,NULL,NULL,NULL,NULL,NULL,NULL,NULL,NULL,NULL,NULL,NULL,NULL,NULL,NULL,NULL,NULL,NULL,NULL,NULL,NULL,NULL,NULL,NULL,'2015-03-09 00:00:00',NULL,NULL,NULL,NULL,NULL,NULL,'2015-03-09 00:00:00',NULL,NULL,NULL,NULL,NULL,NULL,NULL,NULL,NULL,NULL),
(8,NULL,'aluno05',NULL,'2015-03-09 00:00:00',NULL,NULL,NULL,NULL,NULL,NULL,NULL,NULL,NULL,NULL,NULL,NULL,NULL,NULL,NULL,NULL,NULL,NULL,NULL,NULL,NULL,NULL,NULL,NULL,NULL,NULL,NULL,NULL,NULL,NULL,NULL,NULL,NULL,NULL,NULL,NULL,NULL,NULL,NULL,'2015-03-09 00:00:00',NULL,NULL,NULL,NULL,NULL,NULL,'2015-03-09 00:00:00',NULL,NULL,NULL,NULL,NULL,NULL,NULL,NULL,NULL,NULL),
(9,NULL,'aluno06',NULL,'2015-03-09 00:00:00',NULL,NULL,NULL,NULL,NULL,NULL,NULL,NULL,NULL,NULL,NULL,NULL,NULL,NULL,NULL,NULL,NULL,NULL,NULL,NULL,NULL,NULL,NULL,NULL,NULL,NULL,NULL,NULL,NULL,NULL,NULL,NULL,NULL,NULL,NULL,NULL,NULL,NULL,NULL,'2015-03-09 00:00:00',NULL,NULL,NULL,NULL,NULL,NULL,'2015-03-09 00:00:00',NULL,NULL,NULL,NULL,NULL,NULL,NULL,NULL,NULL,NULL),
(10,NULL,'aluno07',NULL,'2015-03-09 00:00:00',NULL,NULL,NULL,NULL,NULL,NULL,NULL,NULL,NULL,NULL,NULL,NULL,NULL,NULL,NULL,NULL,NULL,NULL,NULL,NULL,NULL,NULL,NULL,NULL,NULL,NULL,NULL,NULL,NULL,NULL,NULL,NULL,NULL,NULL,NULL,NULL,NULL,NULL,NULL,'2015-03-09 00:00:00',NULL,NULL,NULL,NULL,NULL,NULL,'2015-03-09 00:00:00',NULL,NULL,NULL,NULL,NULL,NULL,NULL,NULL,NULL,NULL),
(11,NULL,'aluno08',NULL,'2015-03-09 00:00:00',NULL,NULL,NULL,NULL,NULL,NULL,NULL,NULL,NULL,NULL,NULL,NULL,NULL,NULL,NULL,NULL,NULL,NULL,NULL,NULL,NULL,NULL,NULL,NULL,NULL,NULL,NULL,NULL,NULL,NULL,NULL,NULL,NULL,NULL,NULL,NULL,NULL,NULL,NULL,'2015-03-09 00:00:00',NULL,NULL,NULL,NULL,NULL,NULL,'2015-03-09 00:00:00',NULL,NULL,NULL,NULL,NULL,NULL,NULL,NULL,NULL,NULL),
(12,NULL,'aluno09',NULL,'2015-03-09 00:00:00',NULL,NULL,NULL,NULL,NULL,NULL,NULL,NULL,NULL,NULL,NULL,NULL,NULL,NULL,NULL,NULL,NULL,NULL,NULL,NULL,NULL,NULL,NULL,NULL,NULL,NULL,NULL,NULL,NULL,NULL,NULL,NULL,NULL,NULL,NULL,NULL,NULL,NULL,NULL,'2015-03-09 00:00:00',NULL,NULL,NULL,NULL,NULL,NULL,'2015-03-09 00:00:00',NULL,NULL,NULL,NULL,NULL,NULL,NULL,NULL,NULL,NULL),
(13,NULL,'aluno10',NULL,'2015-03-09 00:00:00',NULL,NULL,NULL,NULL,NULL,NULL,NULL,NULL,NULL,NULL,NULL,NULL,NULL,NULL,NULL,NULL,NULL,NULL,NULL,NULL,NULL,NULL,NULL,NULL,NULL,NULL,NULL,NULL,NULL,NULL,NULL,NULL,NULL,NULL,NULL,NULL,NULL,NULL,NULL,'2015-03-09 00:00:00',NULL,NULL,NULL,NULL,NULL,NULL,'2015-03-09 00:00:00',NULL,NULL,NULL,NULL,NULL,NULL,NULL,NULL,NULL,NULL),
(15,NULL,'Teste do Sistem',NULL,'2005-03-18 00:00:00',NULL,'Solteiro',NULL,NULL,'Branca','Ativo',NULL,NULL,NULL,NULL,NULL,NULL,NULL,NULL,NULL,NULL,'AC',NULL,NULL,NULL,'nao',NULL,NULL,NULL,'nao','nao','nao','nao',NULL,'nao',NULL,'nao',NULL,'nao',NULL,NULL,NULL,NULL,NULL,NULL,NULL,'Nascimento',NULL,NULL,NULL,NULL,NULL,NULL,NULL,'Rural',NULL,NULL,NULL,NULL,NULL,'AC',NULL);
/*!40000 ALTER TABLE `aluno` ENABLE KEYS */;

-- 
-- Definition of anoletivo
-- 

DROP TABLE IF EXISTS `anoletivo`;
CREATE TABLE IF NOT EXISTS `anoletivo` (
  `Id` int(11) NOT NULL AUTO_INCREMENT,
  `Ano` varchar(10) DEFAULT NULL,
  `MediaAno` varchar(3) DEFAULT NULL,
  `QtdDiasLetivosAno` varchar(3) DEFAULT NULL,
  PRIMARY KEY (`Id`)
) ENGINE=InnoDB AUTO_INCREMENT=2 DEFAULT CHARSET=latin1;

-- 
-- Dumping data for table anoletivo
-- 

/*!40000 ALTER TABLE `anoletivo` DISABLE KEYS */;
INSERT INTO `anoletivo`(`Id`,`Ano`,`MediaAno`,`QtdDiasLetivosAno`) VALUES
(1,'2015','B','200');
/*!40000 ALTER TABLE `anoletivo` ENABLE KEYS */;

-- 
-- Definition of conceito
-- 

DROP TABLE IF EXISTS `conceito`;
CREATE TABLE IF NOT EXISTS `conceito` (
  `Id` int(11) NOT NULL AUTO_INCREMENT,
  `DisciplinaId` int(11) NOT NULL,
  `MatriculaId` int(11) NOT NULL,
  `Conceito1Bim` varchar(1) DEFAULT NULL,
  `Conceito2Bim` varchar(1) DEFAULT NULL,
  `Conceito3Bim` varchar(1) DEFAULT NULL,
  `Conceito4Bim` varchar(1) DEFAULT NULL,
  `ConceitoFinal` varchar(1) DEFAULT NULL,
  `Faltas1Bim` varchar(3) DEFAULT NULL,
  `Faltas2Bim` varchar(3) DEFAULT NULL,
  `Faltas3Bim` varchar(3) DEFAULT NULL,
  `Faltas4Bim` varchar(3) DEFAULT NULL,
  `FaltasTotal` varchar(3) DEFAULT NULL,
  `Situacao` varchar(20) DEFAULT NULL,
  PRIMARY KEY (`Id`),
  KEY `IX_DisciplinaId` (`DisciplinaId`) USING HASH,
  KEY `IX_MatriculaId` (`MatriculaId`) USING HASH,
  CONSTRAINT `FK_Conceito_Matricula_MatriculaId` FOREIGN KEY (`MatriculaId`) REFERENCES `matricula` (`Id`) ON DELETE CASCADE ON UPDATE CASCADE,
  CONSTRAINT `FK_Conceito_Disciplina_DisciplinaId` FOREIGN KEY (`DisciplinaId`) REFERENCES `disciplina` (`Id`) ON DELETE CASCADE ON UPDATE CASCADE
) ENGINE=InnoDB AUTO_INCREMENT=57 DEFAULT CHARSET=latin1;

-- 
-- Dumping data for table conceito
-- 

/*!40000 ALTER TABLE `conceito` DISABLE KEYS */;
INSERT INTO `conceito`(`Id`,`DisciplinaId`,`MatriculaId`,`Conceito1Bim`,`Conceito2Bim`,`Conceito3Bim`,`Conceito4Bim`,`ConceitoFinal`,`Faltas1Bim`,`Faltas2Bim`,`Faltas3Bim`,`Faltas4Bim`,`FaltasTotal`,`Situacao`) VALUES
(17,1,24,'A','C','B','C',NULL,'20','1','1','1',NULL,NULL),
(18,2,24,'C','A','B','',NULL,'20','1','1','',NULL,NULL),
(19,8,24,'A','B','','',NULL,'20','1','','',NULL,NULL),
(20,4,24,'A','B','C','A',NULL,'','','','',NULL,NULL),
(21,1,25,'A','C','A','C',NULL,'1','1','1','1',NULL,NULL),
(22,2,25,'','','','',NULL,'','','','',NULL,NULL),
(23,8,25,'A','','','',NULL,'1','1','','',NULL,NULL),
(24,4,25,'A','','','',NULL,'','','','',NULL,NULL),
(25,1,26,'B','B','C','A',NULL,'35','20','22','12',NULL,NULL),
(26,2,26,'','C','B','',NULL,'','','','',NULL,NULL),
(27,8,26,'C','','','',NULL,'12','1','','',NULL,NULL),
(28,4,26,'C','','','',NULL,'20','','','',NULL,NULL),
(29,1,27,'B','A','A','C',NULL,'3','3','3','3',NULL,NULL),
(30,2,27,'','','','',NULL,'','1','1','',NULL,NULL),
(31,8,27,'C','','','',NULL,'','','','',NULL,NULL),
(32,4,27,'','C','','',NULL,'','','','',NULL,NULL),
(33,1,28,'C','A','C','B',NULL,'12','12','12','12',NULL,NULL),
(34,2,28,'','','B','',NULL,'','','','',NULL,NULL),
(35,8,28,'A','','','',NULL,'','','','',NULL,NULL),
(36,4,28,'','','B','',NULL,'','1','1','',NULL,NULL),
(37,1,29,'B','A','A','C',NULL,'4','11','1','5',NULL,NULL),
(38,2,29,'','','','',NULL,'','','','',NULL,NULL),
(39,8,29,'C','','','',NULL,'','','','',NULL,NULL),
(40,4,29,'','','','C',NULL,'','','1','',NULL,NULL),
(41,1,30,'A','C','C','A',NULL,'5','7','44','23',NULL,NULL),
(42,2,30,'C','C','B','C',NULL,'1','1','1','2',NULL,NULL),
(43,8,30,'B','','','',NULL,'','','','',NULL,NULL),
(44,4,30,'','','','',NULL,'','','','1',NULL,NULL),
(45,1,31,'C','A','A','C',NULL,'22','12','22','6',NULL,NULL),
(46,2,31,'','','','',NULL,'','','','',NULL,NULL),
(47,8,31,'C','','','',NULL,'','','','',NULL,NULL),
(48,4,31,'','','','',NULL,'','','','',NULL,NULL),
(49,1,32,'B','A','C','A',NULL,'15','23','1','6',NULL,NULL),
(50,2,32,'','','','',NULL,'20','1','1','1',NULL,NULL),
(51,8,32,'A','','','',NULL,'','','','',NULL,NULL),
(52,4,32,'','','','',NULL,'','','','',NULL,NULL),
(53,1,33,'C','A','A','A',NULL,'12','22','5','3',NULL,NULL),
(54,2,33,'C','C','B','C',NULL,'','','','',NULL,NULL),
(55,8,33,'C','','','',NULL,'','','','',NULL,NULL),
(56,4,33,'','','','',NULL,'','','','',NULL,NULL);
/*!40000 ALTER TABLE `conceito` ENABLE KEYS */;

-- 
-- Definition of disciplina
-- 

DROP TABLE IF EXISTS `disciplina`;
CREATE TABLE IF NOT EXISTS `disciplina` (
  `Id` int(11) NOT NULL AUTO_INCREMENT,
  `NomeDisciplina` varchar(200) NOT NULL,
  `MaximoPontos` varchar(2) NOT NULL,
  `MediaPontos` varchar(2) NOT NULL,
  `MinimoPonto` varchar(2) NOT NULL,
  `ChDisciplina` double NOT NULL,
  PRIMARY KEY (`Id`)
) ENGINE=InnoDB AUTO_INCREMENT=11 DEFAULT CHARSET=latin1;

-- 
-- Dumping data for table disciplina
-- 

/*!40000 ALTER TABLE `disciplina` DISABLE KEYS */;
INSERT INTO `disciplina`(`Id`,`NomeDisciplina`,`MaximoPontos`,`MediaPontos`,`MinimoPonto`,`ChDisciplina`) VALUES
(1,'LÍNGUA PORTUGUESA','A','B','C',223.2),
(2,'ARTE','A','B','C',33.2),
(3,'ED FÍSICA','A','B','C',66.4),
(4,'HISTÓRIA','A','B','C',66.4),
(5,'GEOGRAFIA','A','B','C',66.4),
(6,'ENSINO RELIGIOSO','A','B','C',33.2),
(7,'CIÊNCIAS DA NATUREZA','A','B','C',66.4),
(8,'MATEMÁTICA','A','B','C',200),
(9,'INFORMÁTICA','A','B','C',66.4),
(10,'LITERATURA INFANTO JUVENIL','A','B','C',66.4);
/*!40000 ALTER TABLE `disciplina` ENABLE KEYS */;

-- 
-- Definition of disciplinadoprofessornaturma
-- 

DROP TABLE IF EXISTS `disciplinadoprofessornaturma`;
CREATE TABLE IF NOT EXISTS `disciplinadoprofessornaturma` (
  `Id` int(11) NOT NULL AUTO_INCREMENT,
  `DisciplinaId` int(11) NOT NULL,
  `FuncionarioId` int(11) NOT NULL,
  `TurmaId` int(11) NOT NULL,
  PRIMARY KEY (`Id`),
  KEY `IX_DisciplinaId` (`DisciplinaId`) USING HASH,
  KEY `IX_FuncionarioId` (`FuncionarioId`) USING HASH,
  KEY `IX_TurmaId` (`TurmaId`) USING HASH,
  CONSTRAINT `FK_77498b5a2a314e53849eb6f45deeb729` FOREIGN KEY (`FuncionarioId`) REFERENCES `funcionario` (`Id`) ON DELETE CASCADE ON UPDATE CASCADE,
  CONSTRAINT `FK_DisciplinaDoProfessorNaTurma_Disciplina_DisciplinaId` FOREIGN KEY (`DisciplinaId`) REFERENCES `disciplina` (`Id`) ON DELETE CASCADE ON UPDATE CASCADE,
  CONSTRAINT `FK_DisciplinaDoProfessorNaTurma_Turma_TurmaId` FOREIGN KEY (`TurmaId`) REFERENCES `turma` (`Id`) ON DELETE CASCADE ON UPDATE CASCADE
) ENGINE=InnoDB AUTO_INCREMENT=8 DEFAULT CHARSET=latin1;

-- 
-- Dumping data for table disciplinadoprofessornaturma
-- 

/*!40000 ALTER TABLE `disciplinadoprofessornaturma` DISABLE KEYS */;
INSERT INTO `disciplinadoprofessornaturma`(`Id`,`DisciplinaId`,`FuncionarioId`,`TurmaId`) VALUES
(1,1,2,1),
(2,1,4,2),
(3,4,4,2),
(4,2,2,2),
(5,2,3,1),
(6,8,2,1),
(7,4,2,1);
/*!40000 ALTER TABLE `disciplinadoprofessornaturma` ENABLE KEYS */;

-- 
-- Definition of enturmacao
-- 

DROP TABLE IF EXISTS `enturmacao`;
CREATE TABLE IF NOT EXISTS `enturmacao` (
  `Id` int(11) NOT NULL AUTO_INCREMENT,
  `AnoLetivoId` int(11) NOT NULL,
  `DisciplinaDoProfessorNaTurmaId` int(11) NOT NULL,
  `AlunoId` int(11) NOT NULL,
  PRIMARY KEY (`Id`),
  KEY `IX_AnoLetivoId` (`AnoLetivoId`) USING HASH,
  KEY `IX_DisciplinaDoProfessorNaTurmaId` (`DisciplinaDoProfessorNaTurmaId`) USING HASH,
  KEY `IX_AlunoId` (`AlunoId`) USING HASH,
  CONSTRAINT `FK_ecde304a87a74e92915cdb4ab3a51f20` FOREIGN KEY (`DisciplinaDoProfessorNaTurmaId`) REFERENCES `disciplinadoprofessornaturma` (`Id`) ON DELETE CASCADE ON UPDATE CASCADE,
  CONSTRAINT `FK_Enturmacao_Aluno_AlunoId` FOREIGN KEY (`AlunoId`) REFERENCES `aluno` (`Id`) ON DELETE CASCADE ON UPDATE CASCADE,
  CONSTRAINT `FK_Enturmacao_AnoLetivo_AnoLetivoId` FOREIGN KEY (`AnoLetivoId`) REFERENCES `anoletivo` (`Id`) ON DELETE CASCADE ON UPDATE CASCADE
) ENGINE=InnoDB DEFAULT CHARSET=latin1;

-- 
-- Dumping data for table enturmacao
-- 

/*!40000 ALTER TABLE `enturmacao` DISABLE KEYS */;

/*!40000 ALTER TABLE `enturmacao` ENABLE KEYS */;

-- 
-- Definition of escola
-- 

DROP TABLE IF EXISTS `escola`;
CREATE TABLE IF NOT EXISTS `escola` (
  `Id` int(11) NOT NULL AUTO_INCREMENT,
  `NomeEscola` varchar(200) NOT NULL,
  `Cnpj` varchar(30) NOT NULL,
  `NomeGestor` varchar(200) DEFAULT NULL,
  `CargoGestor` varchar(200) DEFAULT NULL,
  `CepEscola` varchar(30) DEFAULT NULL,
  `UfEscola` varchar(2) DEFAULT NULL,
  `CidadeEscola` varchar(200) DEFAULT NULL,
  `DistritoEscola` varchar(100) DEFAULT NULL,
  `EndEscola` varchar(300) DEFAULT NULL,
  `NumeroEndEscola` varchar(10) DEFAULT NULL,
  `ComplementoEndEscola` varchar(100) DEFAULT NULL,
  `BairroEndEscola` varchar(200) DEFAULT NULL,
  `TelefoneEscola` varchar(20) DEFAULT NULL,
  `FaxEscola` varchar(20) DEFAULT NULL,
  `EmailEscola` varchar(200) DEFAULT NULL,
  PRIMARY KEY (`Id`)
) ENGINE=InnoDB AUTO_INCREMENT=2 DEFAULT CHARSET=latin1;

-- 
-- Dumping data for table escola
-- 

/*!40000 ALTER TABLE `escola` DISABLE KEYS */;
INSERT INTO `escola`(`Id`,`NomeEscola`,`Cnpj`,`NomeGestor`,`CargoGestor`,`CepEscola`,`UfEscola`,`CidadeEscola`,`DistritoEscola`,`EndEscola`,`NumeroEndEscola`,`ComplementoEndEscola`,`BairroEndEscola`,`TelefoneEscola`,`FaxEscola`,`EmailEscola`) VALUES
(1,'Clovis Araujo Dias','1111',NULL,NULL,NULL,NULL,'Machado',NULL,NULL,NULL,NULL,NULL,NULL,NULL,NULL);
/*!40000 ALTER TABLE `escola` ENABLE KEYS */;

-- 
-- Definition of funcionario
-- 

DROP TABLE IF EXISTS `funcionario`;
CREATE TABLE IF NOT EXISTS `funcionario` (
  `Id` int(11) NOT NULL AUTO_INCREMENT,
  `EscolaId` int(11) NOT NULL,
  `TipoFuncionarioId` int(11) NOT NULL,
  `NumRegistroFuncionario` varchar(100) DEFAULT NULL,
  `NomeFuncionario` varchar(200) DEFAULT NULL,
  `SexoFuncionario` varchar(1) DEFAULT NULL,
  `DataNascimentoFuncionario` date NOT NULL,
  `CidadeEndFuncionario` varchar(200) DEFAULT NULL,
  `UfEndFuncionario` varchar(2) DEFAULT NULL,
  `LogradouroEndFuncionario` varchar(200) DEFAULT NULL,
  `NumLogradouroEndFuncionario` varchar(4) DEFAULT NULL,
  `DataAdimissaoFuncionario` date NOT NULL,
  `CpfFuncionario` varchar(20) DEFAULT NULL,
  `RgFuncionario` varchar(20) DEFAULT NULL,
  `UfRgFuncionario` varchar(2) DEFAULT NULL,
  `OrgaoRgFuncionario` varchar(200) DEFAULT NULL,
  `DataEmissaoRgFuncionario` date NOT NULL,
  PRIMARY KEY (`Id`),
  KEY `IX_EscolaId` (`EscolaId`) USING HASH,
  KEY `IX_TipoFuncionarioId` (`TipoFuncionarioId`) USING HASH,
  CONSTRAINT `FK_Funcionario_TipoFuncionario_TipoFuncionarioId` FOREIGN KEY (`TipoFuncionarioId`) REFERENCES `tipofuncionario` (`Id`) ON DELETE CASCADE ON UPDATE CASCADE,
  CONSTRAINT `FK_Funcionario_Escola_EscolaId` FOREIGN KEY (`EscolaId`) REFERENCES `escola` (`Id`) ON DELETE CASCADE ON UPDATE CASCADE
) ENGINE=InnoDB AUTO_INCREMENT=6 DEFAULT CHARSET=latin1;

-- 
-- Dumping data for table funcionario
-- 

/*!40000 ALTER TABLE `funcionario` DISABLE KEYS */;
INSERT INTO `funcionario`(`Id`,`EscolaId`,`TipoFuncionarioId`,`NumRegistroFuncionario`,`NomeFuncionario`,`SexoFuncionario`,`DataNascimentoFuncionario`,`CidadeEndFuncionario`,`UfEndFuncionario`,`LogradouroEndFuncionario`,`NumLogradouroEndFuncionario`,`DataAdimissaoFuncionario`,`CpfFuncionario`,`RgFuncionario`,`UfRgFuncionario`,`OrgaoRgFuncionario`,`DataEmissaoRgFuncionario`) VALUES
(1,1,1,'212121','Professor01',NULL,'2015-03-09 00:00:00',NULL,NULL,NULL,NULL,'2015-03-09 00:00:00',NULL,NULL,NULL,NULL,'2015-03-09 00:00:00'),
(2,1,1,'212121','Professor02',NULL,'2015-03-09 00:00:00',NULL,NULL,NULL,NULL,'2015-03-09 00:00:00',NULL,NULL,NULL,NULL,'2015-03-09 00:00:00'),
(3,1,1,'212121','Professor03',NULL,'2015-03-09 00:00:00',NULL,NULL,NULL,NULL,'2015-03-09 00:00:00',NULL,NULL,NULL,NULL,'2015-03-09 00:00:00'),
(4,1,1,'212121','Professor04',NULL,'2015-03-09 00:00:00',NULL,NULL,NULL,NULL,'2015-03-09 00:00:00',NULL,NULL,NULL,NULL,'2015-03-09 00:00:00'),
(5,1,1,'212121','Professor05',NULL,'2015-03-09 00:00:00',NULL,NULL,NULL,NULL,'2015-03-09 00:00:00',NULL,NULL,NULL,NULL,'2015-03-09 00:00:00');
/*!40000 ALTER TABLE `funcionario` ENABLE KEYS */;

-- 
-- Definition of historicoaluno
-- 

DROP TABLE IF EXISTS `historicoaluno`;
CREATE TABLE IF NOT EXISTS `historicoaluno` (
  `Id` int(11) NOT NULL AUTO_INCREMENT,
  `AnoHistoricoAluno` int(11) NOT NULL,
  `TurmaAnoHistorico` varchar(10) CHARACTER SET utf8 NOT NULL,
  `DataHistoricoAluno` date DEFAULT NULL,
  `EscolaAnoAluno` varchar(200) DEFAULT NULL,
  `CidadeEscolaAnoAluno` varchar(200) DEFAULT NULL,
  `UfEscolaAnoAluno` varchar(2) DEFAULT NULL,
  `ChCurricularBasica` varchar(20) DEFAULT NULL,
  `ChCurricularArtes` varchar(20) DEFAULT NULL,
  `ChCurricularInformatica` varchar(20) DEFAULT NULL,
  `ChCurricularLitInfantoJuvenil` varchar(20) DEFAULT NULL,
  `ChCurricularProjetoTempoIntegral` varchar(20) DEFAULT NULL,
  `QtdFaltaHoraAnoBasica` varchar(20) DEFAULT NULL,
  `QtdFaltaHoraAnoParte` varchar(20) DEFAULT NULL,
  `QtdFaltaHoraAnoProjeto` varchar(20) DEFAULT NULL,
  `DiasLetivos` int(11) DEFAULT NULL,
  `AprovPortugues` varchar(1) DEFAULT NULL,
  `AprovMatematica` varchar(1) DEFAULT NULL,
  `AprovGeografia` varchar(1) DEFAULT NULL,
  `AprovHistoria` varchar(1) DEFAULT NULL,
  `AprovCiencia` varchar(1) DEFAULT NULL,
  `AprovEduFisica` varchar(1) DEFAULT NULL,
  `AprovEnsReligioso` varchar(1) DEFAULT NULL,
  `AprovArte` varchar(1) DEFAULT NULL,
  `AprovInformatica` varchar(1) DEFAULT NULL,
  `AprovLitInfantilJuvenil` varchar(1) DEFAULT NULL,
  `AprovAtividadeLingMat` varchar(1) DEFAULT NULL,
  `AprovAtividadesEspMot` varchar(1) DEFAULT NULL,
  `AprovFormacaoPessoal` varchar(1) DEFAULT NULL,
  `SituacaoAluno` varchar(10) DEFAULT NULL,
  `AlunoId` int(11) NOT NULL,
  PRIMARY KEY (`Id`),
  KEY `IX_AlunoId` (`AlunoId`) USING HASH,
  CONSTRAINT `FK_HistoricoAluno_Aluno_AlunoId` FOREIGN KEY (`AlunoId`) REFERENCES `aluno` (`Id`) ON DELETE CASCADE ON UPDATE CASCADE
) ENGINE=InnoDB AUTO_INCREMENT=2 DEFAULT CHARSET=latin1;

-- 
-- Dumping data for table historicoaluno
-- 

/*!40000 ALTER TABLE `historicoaluno` DISABLE KEYS */;
INSERT INTO `historicoaluno`(`Id`,`AnoHistoricoAluno`,`TurmaAnoHistorico`,`DataHistoricoAluno`,`EscolaAnoAluno`,`CidadeEscolaAnoAluno`,`UfEscolaAnoAluno`,`ChCurricularBasica`,`ChCurricularArtes`,`ChCurricularInformatica`,`ChCurricularLitInfantoJuvenil`,`ChCurricularProjetoTempoIntegral`,`QtdFaltaHoraAnoBasica`,`QtdFaltaHoraAnoParte`,`QtdFaltaHoraAnoProjeto`,`DiasLetivos`,`AprovPortugues`,`AprovMatematica`,`AprovGeografia`,`AprovHistoria`,`AprovCiencia`,`AprovEduFisica`,`AprovEnsReligioso`,`AprovArte`,`AprovInformatica`,`AprovLitInfantilJuvenil`,`AprovAtividadeLingMat`,`AprovAtividadesEspMot`,`AprovFormacaoPessoal`,`SituacaoAluno`,`AlunoId`) VALUES
(1,2015,'3ANO','2015-02-01 00:00:00','Clovis Dois','Machado','MG','800','300',NULL,NULL,NULL,'200',NULL,NULL,200,'B','C','B','A','A','A','A','A','B','C','A','B','A','Apto',1);
/*!40000 ALTER TABLE `historicoaluno` ENABLE KEYS */;

-- 
-- Definition of matricula
-- 

DROP TABLE IF EXISTS `matricula`;
CREATE TABLE IF NOT EXISTS `matricula` (
  `Id` int(11) NOT NULL AUTO_INCREMENT,
  `AlunoId` int(11) NOT NULL,
  `TurmaId` int(11) DEFAULT NULL,
  `AnoLetivoId` int(11) NOT NULL,
  `DataCadastro` date NOT NULL,
  PRIMARY KEY (`Id`),
  KEY `IX_AlunoId` (`AlunoId`) USING HASH,
  KEY `IX_TurmaId` (`TurmaId`) USING HASH,
  KEY `IX_AnoLetivoId` (`AnoLetivoId`) USING HASH,
  CONSTRAINT `FK_Matricula_AnoLetivo_AnoLetivoId` FOREIGN KEY (`AnoLetivoId`) REFERENCES `anoletivo` (`Id`) ON DELETE CASCADE ON UPDATE CASCADE,
  CONSTRAINT `FK_Matricula_Aluno_AlunoId` FOREIGN KEY (`AlunoId`) REFERENCES `aluno` (`Id`) ON DELETE CASCADE ON UPDATE CASCADE,
  CONSTRAINT `FK_Matricula_Turma_TurmaId` FOREIGN KEY (`TurmaId`) REFERENCES `turma` (`Id`)
) ENGINE=InnoDB AUTO_INCREMENT=34 DEFAULT CHARSET=latin1;

-- 
-- Dumping data for table matricula
-- 

/*!40000 ALTER TABLE `matricula` DISABLE KEYS */;
INSERT INTO `matricula`(`Id`,`AlunoId`,`TurmaId`,`AnoLetivoId`,`DataCadastro`) VALUES
(24,1,1,1,'0001-01-01 00:00:00'),
(25,4,1,1,'0001-01-01 00:00:00'),
(26,5,1,1,'0001-01-01 00:00:00'),
(27,6,1,1,'0001-01-01 00:00:00'),
(28,7,1,1,'0001-01-01 00:00:00'),
(29,8,1,1,'0001-01-01 00:00:00'),
(30,9,1,1,'0001-01-01 00:00:00'),
(31,10,1,1,'0001-01-01 00:00:00'),
(32,11,1,1,'0001-01-01 00:00:00'),
(33,12,1,1,'0001-01-01 00:00:00');
/*!40000 ALTER TABLE `matricula` ENABLE KEYS */;

-- 
-- Definition of tipofuncionario
-- 

DROP TABLE IF EXISTS `tipofuncionario`;
CREATE TABLE IF NOT EXISTS `tipofuncionario` (
  `Id` int(11) NOT NULL AUTO_INCREMENT,
  `DescricaoFuncionario` varchar(200) DEFAULT NULL,
  PRIMARY KEY (`Id`)
) ENGINE=InnoDB AUTO_INCREMENT=2 DEFAULT CHARSET=latin1;

-- 
-- Dumping data for table tipofuncionario
-- 

/*!40000 ALTER TABLE `tipofuncionario` DISABLE KEYS */;
INSERT INTO `tipofuncionario`(`Id`,`DescricaoFuncionario`) VALUES
(1,'Professor');
/*!40000 ALTER TABLE `tipofuncionario` ENABLE KEYS */;

-- 
-- Definition of turma
-- 

DROP TABLE IF EXISTS `turma`;
CREATE TABLE IF NOT EXISTS `turma` (
  `Id` int(11) NOT NULL AUTO_INCREMENT,
  `EscolaId` int(11) NOT NULL,
  `FuncionarioId` int(11) NOT NULL,
  `NomeTurma` varchar(200) NOT NULL,
  `Serie` varchar(40) NOT NULL,
  `NivelTurma` varchar(40) NOT NULL,
  `HorarioFuncionamento` varchar(30) DEFAULT NULL,
  `ModalidadeEnsino` varchar(300) DEFAULT NULL,
  `QtdAlunos` varchar(3) DEFAULT NULL,
  PRIMARY KEY (`Id`),
  KEY `IX_EscolaId` (`EscolaId`) USING HASH,
  KEY `IX_FuncionarioId` (`FuncionarioId`) USING HASH,
  CONSTRAINT `FK_Turma_Funcionario_FuncionarioId` FOREIGN KEY (`FuncionarioId`) REFERENCES `funcionario` (`Id`) ON DELETE CASCADE ON UPDATE CASCADE,
  CONSTRAINT `FK_Turma_Escola_EscolaId` FOREIGN KEY (`EscolaId`) REFERENCES `escola` (`Id`) ON DELETE CASCADE ON UPDATE CASCADE
) ENGINE=InnoDB AUTO_INCREMENT=3 DEFAULT CHARSET=latin1;

-- 
-- Dumping data for table turma
-- 

/*!40000 ALTER TABLE `turma` DISABLE KEYS */;
INSERT INTO `turma`(`Id`,`EscolaId`,`FuncionarioId`,`NomeTurma`,`Serie`,`NivelTurma`,`HorarioFuncionamento`,`ModalidadeEnsino`,`QtdAlunos`) VALUES
(1,1,2,'1º Ano Tia Maria','1ANO','FUNDAMENTAL','MATUTINO','REGULAR','20'),
(2,1,3,'2º Ano Tia Maria','2ANO','FUNDAMENTAL','MATUTINO','REGULAR','30');
/*!40000 ALTER TABLE `turma` ENABLE KEYS */;

-- 
-- Definition of usuario
-- 

DROP TABLE IF EXISTS `usuario`;
CREATE TABLE IF NOT EXISTS `usuario` (
  `Id` int(11) NOT NULL AUTO_INCREMENT,
  `FuncionarioId` int(11) NOT NULL,
  `Login` varchar(200) NOT NULL,
  `Senha` varchar(200) NOT NULL,
  PRIMARY KEY (`Id`),
  KEY `IX_FuncionarioId` (`FuncionarioId`) USING HASH,
  CONSTRAINT `FK_Usuario_Funcionario_FuncionarioId` FOREIGN KEY (`FuncionarioId`) REFERENCES `funcionario` (`Id`) ON DELETE CASCADE ON UPDATE CASCADE
) ENGINE=InnoDB DEFAULT CHARSET=latin1;

-- 
-- Dumping data for table usuario
-- 

/*!40000 ALTER TABLE `usuario` DISABLE KEYS */;

/*!40000 ALTER TABLE `usuario` ENABLE KEYS */;


/*!40101 SET SQL_MODE=@OLD_SQL_MODE */;
/*!40014 SET FOREIGN_KEY_CHECKS=@OLD_FOREIGN_KEY_CHECKS */;
/*!40014 SET UNIQUE_CHECKS=@OLD_UNIQUE_CHECKS */;
/*!40101 SET CHARACTER_SET_CLIENT=@OLD_CHARACTER_SET_CLIENT */;
/*!40101 SET CHARACTER_SET_RESULTS=@OLD_CHARACTER_SET_RESULTS */;
/*!40101 SET COLLATION_CONNECTION=@OLD_COLLATION_CONNECTION */;
/*!40111 SET SQL_NOTES=@OLD_SQL_NOTES */;


-- Dump completed on 2015-04-04 09:29:41
-- Total time: 0:0:0:3:539 (d:h:m:s:ms)
